appid,recommendationid,language,timestamp_created,timestamp_updated,voted_up,votes_up,votes_funny,weighted_vote_score,comment_count,steam_purchase,received_for_free,written_during_early_access,hidden_in_steam_china,steam_china_location,author_steamid,author_num_games_owned,author_num_reviews,author_playtime_forever,author_playtime_last_two_weeks,author_playtime_at_review,author_last_played
730,145242121,russian,1693291124,1718204384,1,0,0,0.5238095521926879,0,0,0,0,1,,76561199214177760,0,1,6517,54,6462,1718207600
730,142695062,russian,1690193971,1718204350,1,0,0,0.0,0,0,0,0,1,,76561199012091344,41,13,45239,4343,45118,1718210549
730,167219799,schinese,1718204327,1718204327,1,0,0,0.0,0,0,1,0,1,,76561199077182560,51,1,6728,167,6728,1718199486
730,167219772,english,1718204301,1718204301,1,0,0,0.0,0,1,0,0,1,,76561199241629392,0,1,9119,630,9041,1718208808
730,167219768,schinese,1718204297,1718204297,1,0,0,0.0,0,0,0,0,1,,76561199603866672,0,1,37751,4255,37657,1718210107
730,155493230,russian,1704648477,1718204288,0,0,0,0.0,0,1,0,0,1,,76561199550314944,39,1,19659,1600,19567,1718210032
730,167219712,turkish,1718204225,1718204225,0,1,0,0.5258620381355285,0,0,0,0,1,,76561199138679536,43,1,110572,1951,110572,1718203868
730,167219708,german,1718204222,1718204222,1,0,0,0.0,0,0,0,0,1,,76561198843911152,75,3,46980,495,46890,1718211494
730,122236051,schinese,1663172571,1718204213,1,0,0,0.0,0,0,0,0,1,,76561198887264096,39,1,67933,1258,67933,1718203595
730,38073056,russian,1512453860,1718204188,1,1,0,0.5218477249145507,0,1,0,0,0,,76561198284718672,0,16,297363,256,297334,1718205155
730,167219667,brazilian,1718204177,1718204177,0,1,0,0.5238095521926879,0,0,0,0,1,,76561198098798192,0,2,185664,3465,185664,1718204085
730,80438309,russian,1606421151,1718204135,1,0,0,0.0,0,1,0,0,0,,76561198816342832,0,1,119324,306,119303,1718205723
730,145460302,russian,1693586056,1718204131,0,0,0,0.0,0,0,0,0,1,,76561199524483056,20,9,71039,4190,71039,1718203507
730,167219600,schinese,1718204110,1718204110,1,0,0,0.0,0,0,0,0,1,,76561199415791568,0,1,434,45,388,1718211322
730,145310421,schinese,1693387819,1718205464,1,0,0,0.0,1,1,0,0,1,,76561199075271680,17,1,32551,979,32551,1718203325
730,68910625,russian,1589127157,1718204072,1,1,0,0.5238095521926879,0,1,0,0,0,,76561198802006624,8,1,410331,2812,410270,1718210502
730,167219519,russian,1718204032,1718204032,0,0,0,0.0,0,0,0,0,1,,76561199243348240,5,3,5421,1,5421,1717684198
730,167219512,russian,1718204024,1718204024,1,0,0,0.0,0,0,0,0,1,,76561199672717920,3,2,5276,2861,5276,1718202289
730,167218727,polish,1718203181,1718206109,1,0,0,0.0,0,0,0,0,1,,76561199016027648,0,1,187984,3583,187938,1718209041
730,167219475,schinese,1718203988,1718203988,0,0,0,0.0,0,1,0,0,1,,76561199323274800,14,1,26284,807,26284,1718203927
730,167219462,english,1718203977,1718203977,0,0,0,0.0,0,0,0,0,1,,76561198016931728,143,3,110076,150,110076,1718203918
730,167219460,russian,1718203976,1718203976,1,0,0,0.0,0,0,0,0,1,,76561199522462480,0,1,15040,185,15032,1718204835
730,139535086,schinese,1685880964,1718203972,1,1,0,0.5238095521926879,0,0,0,0,1,,76561198849174256,28,1,24341,3218,24341,1718202104
730,167219444,turkish,1718203958,1718203958,1,0,0,0.0,0,1,0,0,1,,76561199654143584,0,1,1870,1169,1869,1718211146
730,40680369,russian,1520597334,1718203849,0,1,0,0.52173912525177,0,0,0,0,1,,76561198168165120,0,243,91127,169,91127,1717140666
730,135595766,schinese,1679999657,1718203847,1,0,0,0.0,0,1,0,0,1,,76561198977657968,17,1,85543,901,85455,1718209167
730,167219342,english,1718203839,1718203839,1,0,0,0.0,0,1,0,0,1,,76561199141002624,7,3,26973,162,26973,1718112551
730,167219338,polish,1718203834,1718203834,1,0,0,0.0,0,1,0,0,1,,76561199646474496,0,1,4861,227,4861,1717363873
730,143871934,schinese,1691750518,1718203831,1,0,0,0.0,0,1,0,0,1,,76561198976413600,46,1,34607,2142,34603,1718204454
730,167219328,english,1718203822,1718203822,1,0,0,0.0,0,1,1,0,1,,76561199000242416,0,1,17088,591,17088,1718203438
730,167219304,russian,1718203803,1718203803,1,0,0,0.0,0,0,0,0,1,,76561199501621504,50,15,411,0,411,1712076378
730,167219292,russian,1718203795,1718203795,0,0,0,0.0,0,0,0,0,1,,76561199545007584,38,5,1497,277,1497,1718202993
730,167219280,russian,1718203780,1718203780,0,0,0,0.0,0,0,0,0,1,,76561199182076416,80,5,17733,0,17733,1695894240
730,164832868,russian,1715088924,1718203774,1,1,0,0.5238095521926879,0,1,0,0,1,,76561199390495488,8,1,31136,3570,31107,1718210937
730,167219271,schinese,1718203773,1718203773,0,0,0,0.0,0,0,0,0,1,,76561199507020064,51,3,41770,266,41747,1718205221
730,125323695,spanish,1668214346,1718203772,1,0,0,0.0,0,0,0,0,1,,76561198967986400,108,16,23751,1195,23751,1718164807
730,167219268,tchinese,1718203770,1718203770,1,0,0,0.0,0,1,0,0,1,,76561199699952656,0,1,1216,1216,1065,1718211541
730,129336324,russian,1672062090,1718203750,0,0,0,0.0,0,0,1,0,1,,76561199445087040,4,8,23921,286,23909,1718204587
730,167218759,schinese,1718203207,1718203742,1,0,0,0.0,0,1,0,0,1,,76561199446121696,132,1,13006,1210,13006,1718174271
730,167219205,russian,1718203695,1718203695,1,1,0,0.5238095521926879,0,0,0,0,1,,76561199233870848,1084,1,2603,0,2603,1695597668
730,167219203,russian,1718203694,1718203694,1,0,0,0.0,0,1,1,0,1,,76561198885598048,0,1,7031,526,6918,1718210581
730,167219188,schinese,1718203683,1718203683,1,0,0,0.0,0,0,0,0,1,,76561198824801232,0,1,72901,3455,72884,1718205302
730,167219158,schinese,1718203651,1718203651,1,0,0,0.0,0,0,0,0,1,,76561199179433120,0,1,55807,945,55759,1718206658
730,167219142,english,1718203633,1718203633,1,1,0,0.5238095521926879,0,1,0,0,1,,76561198800604704,0,1,41473,1379,41462,1718204428
730,167219139,russian,1718203632,1718203632,0,0,0,0.0,0,0,0,0,1,,76561199047188400,0,2,25702,237,25702,1718139651
730,147146581,czech,1695839954,1718203629,1,0,0,0.0,0,1,1,0,1,,76561199038993552,38,9,3453,709,3377,1718208038
730,167219136,russian,1718203628,1718203628,1,0,0,0.0,0,1,1,0,1,,76561199552384800,4,2,2510,741,2510,1718028498
730,167219135,polish,1718203628,1718203628,1,0,0,0.0,0,0,0,0,1,,76561199041009744,0,2,35705,30,35705,1717058905
730,93311371,polish,1623003009,1718203618,1,0,0,0.0,0,0,0,0,0,,76561199173576832,15,3,30848,7,30848,1717396214
730,167219054,russian,1718203536,1718203536,1,0,0,0.0,0,1,1,0,1,,76561198802282704,0,1,44478,258,44368,1718210507
730,135106015,portuguese,1679412846,1718203501,1,1,0,0.5238095521926879,0,1,0,0,1,,76561199475620512,27,1,41323,1201,41247,1718210931
730,46599279,schinese,1542985790,1718203497,1,0,0,0.0,0,0,0,0,0,,76561198285562688,142,24,42277,858,42277,1718203187
730,167219014,english,1718203474,1718203474,0,0,0,0.0,0,1,0,0,1,,76561199240382176,98,62,26258,0,26258,1714639679
730,134534266,russian,1678622285,1718205582,0,0,0,0.0,0,0,0,0,1,,76561198242796288,88,1,166585,1426,166570,1718206377
730,167218990,russian,1718203449,1718203449,1,0,0,0.0,0,1,1,0,1,,76561199427429792,0,1,40167,1755,40000,1718211390
730,167218945,russian,1718203403,1718203403,1,0,0,0.0,0,0,0,0,1,,76561199381670368,0,1,24202,908,24202,1718198341
730,167218937,russian,1718203391,1718203391,1,0,0,0.0,0,0,0,0,1,,76561199184493520,6,2,17589,3053,17551,1718210608
730,167218930,schinese,1718203383,1718203383,1,0,0,0.0,0,0,1,0,1,,76561199627211888,0,1,3894,686,3891,1718203736
730,119261893,polish,1658500150,1718203374,1,0,1,0.0,0,1,1,0,0,,76561198839345888,0,15,49402,870,49402,1718145160
730,167218735,schinese,1718203186,1718203347,1,0,0,0.0,0,1,0,0,1,,76561199358686960,43,2,46626,1418,46626,1718016082
730,121741773,russian,1662307644,1718203336,0,0,0,0.0,0,1,1,0,1,,76561199002836928,0,5,21076,347,21045,1718205167
730,156870737,russian,1706280628,1718203329,1,0,0,0.0,0,0,1,0,1,,76561199535102448,0,1,58654,1875,58654,1718117927
730,167218850,schinese,1718203316,1718203316,1,0,0,0.0,0,1,0,0,1,,76561199150949328,8,2,7386,1673,7365,1718204924
730,167218823,brazilian,1718203282,1718203282,1,0,0,0.0,0,1,0,0,1,,76561198361909168,0,5,98424,485,98416,1718203771
730,167218807,schinese,1718203263,1718203263,1,0,0,0.0,0,0,0,0,1,,76561198853518656,13,2,6086,1174,6066,1718204459
730,167218804,russian,1718203260,1718203260,1,0,0,0.0,0,0,0,0,1,,76561199560302864,0,1,817,366,764,1718206676
730,138530142,dutch,1684477802,1718203183,0,0,0,0.0,0,1,0,0,1,,76561198027278512,0,25,2002,0,2002,1716667616
730,162050392,russian,1712082516,1718203168,0,2,0,0.5435684919357299,0,0,0,0,1,,76561199418231968,0,2,35100,2985,35006,1718211055
730,167218689,german,1718203138,1718203138,1,0,0,0.0,0,0,0,0,1,,76561198967137072,18,8,32394,19833,32236,1718211050
730,90497495,schinese,1618712815,1718203122,1,0,0,0.0,0,0,0,0,0,,76561198950826320,57,6,74197,1453,74197,1718202324
730,108040879,schinese,1642234782,1718203118,1,1,0,0.5238095521926879,0,0,0,0,0,,76561198981219200,17,7,107140,1689,107024,1718210514
730,167218624,schinese,1718203082,1718203082,1,0,0,0.0,0,1,0,0,1,,76561199494424320,30,1,20130,1669,20028,1718209389
730,167218616,schinese,1718203072,1718203072,1,0,0,0.0,0,0,1,0,1,,76561199152398560,0,1,462,3,462,1718176223
730,167218609,russian,1718203066,1718203066,0,1,0,0.5121951103210449,0,0,0,0,1,,76561198129838256,0,1,203515,3368,203387,1718210783
730,167218579,schinese,1718203038,1718203038,1,0,0,0.0,0,0,1,0,1,,76561198809795376,0,1,63546,1544,63546,1718202775
730,167218506,english,1718202951,1718202951,0,1,0,0.0,0,0,0,0,1,,76561199533380048,0,2,1073,82,1047,1718204383
730,167218501,schinese,1718202946,1718202946,1,0,0,0.0,0,0,0,0,1,,76561199058308752,1,1,67481,528,67416,1718211642
730,167218449,schinese,1718202897,1718202897,0,0,0,0.0,0,0,0,0,1,,76561198419348656,44,3,123753,1252,123753,1718202626
730,167218429,english,1718202878,1718202878,0,0,0,0.4697986543178558,0,0,0,0,1,,76561199002434544,22,1,78685,2800,78685,1718179736
730,167218425,schinese,1718202872,1718202872,0,0,0,0.0,0,0,0,0,1,,76561198318687456,147,2,243905,2193,243905,1718202844
730,167218332,russian,1718202779,1718202779,1,0,0,0.0,0,0,0,0,1,,76561199445719920,0,1,3680,142,3645,1718204848
730,167218313,turkish,1718202758,1718202758,1,0,0,0.0,0,0,0,0,1,,76561199388679808,14,2,2597,0,2597,1696175928
730,107244737,polish,1641238141,1718202757,1,1,0,0.5238095521926879,0,0,0,0,0,,76561198450159408,143,36,28302,779,28302,1718140790
730,14186298,english,1422326597,1718202746,1,0,0,0.0,0,1,0,0,1,,76561198171978592,94,1,195674,1155,195523,1718211359
730,167218272,turkish,1718202716,1718202716,1,0,0,0.0,0,0,0,0,1,,76561198906826224,58,2,86409,1424,86342,1718206120
730,167218265,russian,1718202709,1718202709,1,0,0,0.0,0,0,0,0,1,,76561199649137024,0,1,7482,1119,7472,1718203339
730,121016608,english,1661113173,1718202709,0,0,0,0.0,0,0,0,0,1,,76561198982520368,0,7,28557,1916,28436,1718211674
730,164163510,polish,1714758116,1718202688,1,0,0,0.0,0,1,0,0,1,,76561199059454976,28,4,29298,2158,29274,1718209905
730,167218232,brazilian,1718202682,1718202682,1,0,0,0.0,0,0,0,0,1,,76561199119879152,8,4,21209,1159,21185,1718204121
730,167218231,english,1718202682,1718202682,0,1,0,0.5238095521926879,0,0,0,0,1,,76561199147542656,1,1,14011,317,14011,1718180777
730,33505917,french,1499960642,1718202667,1,1,1,0.4802547693252563,1,1,0,0,0,,76561198305446528,190,20,240485,2612,240485,1718159844
730,149568491,schinese,1699166647,1718202658,1,0,0,0.0,0,0,0,0,1,,76561199222330336,43,1,15334,1564,15334,1718202336
730,167218206,tchinese,1718202656,1718202656,1,0,0,0.0,0,1,0,0,1,,76561199302186848,0,1,1877,300,1811,1718207558
730,167218197,french,1718202645,1718202645,1,0,0,0.0,0,0,0,0,1,,76561199405739536,0,1,420,330,415,1718206119
730,167218194,schinese,1718202643,1718202643,1,0,0,0.0,0,1,0,0,1,,76561199701412816,0,1,806,806,787,1718208597
730,167218184,russian,1718202634,1718202634,0,0,0,0.0,0,0,0,0,1,,76561199202983072,0,1,55917,354,55772,1718211413
730,82661492,greek,1608344295,1718202629,0,0,0,0.0,0,0,0,0,0,,76561199103647680,2,2,71881,178,71881,1717776215
730,167218161,english,1718202606,1718202606,1,0,0,0.0,0,0,0,0,1,,76561199546607600,0,11,208,208,185,1718204334
730,167218156,finnish,1718202601,1718202601,1,0,0,0.0,0,0,0,0,1,,76561199549802336,2,1,310,310,281,1718211482
730,167218146,french,1718202588,1718202588,1,0,0,0.0,0,1,0,0,1,,76561198096386768,0,2,4389,813,4297,1718207222
730,145858952,english,1694101713,1718202588,1,0,0,0.0,0,0,0,0,1,,76561199097158768,24,1,38883,2681,38799,1718207126
730,167218142,schinese,1718202584,1718202584,1,0,0,0.0,0,1,0,0,1,,76561198809534352,50,1,15824,1015,15774,1718205551
730,167218135,german,1718202577,1718202577,0,0,0,0.0,0,1,0,0,1,,76561199575773696,0,2,1122,137,1088,1718204599
730,167217179,czech,1718201590,1718202527,1,0,0,0.0,0,0,0,0,1,,76561199143048160,17,2,105422,833,105377,1718205775
730,167218073,czech,1718202512,1718202512,1,0,0,0.0,0,1,0,0,1,,76561199676657120,0,1,2452,828,2408,1718206226
730,167218064,russian,1718202505,1718202505,1,0,0,0.0,0,1,0,0,1,,76561198866516528,14,1,5096,684,5025,1718207162
730,167218005,polish,1718202438,1718202438,1,0,0,0.0,0,0,0,0,1,,76561199524095504,0,1,270,0,270,1714724303
730,167217960,russian,1718202398,1718202398,1,0,0,0.0,0,0,0,0,1,,76561199472847088,11,3,72380,3164,72380,1718194313
730,159057861,russian,1708696411,1718202376,1,0,0,0.0,0,0,0,0,1,,76561199061193712,0,3,7353,1638,7353,1718199726
730,167217923,russian,1718202364,1718202364,1,0,0,0.0,0,0,1,0,1,,76561199695812320,0,1,1916,1425,1854,1718207229
730,167217906,russian,1718202341,1718202341,0,1,0,0.5121951103210449,1,0,0,0,1,,76561199466549936,12,1,16535,267,16456,1718207476
730,167217904,brazilian,1718202339,1718202339,1,0,0,0.0,0,1,0,0,1,,76561199362702528,0,1,1347,789,1195,1718211731
730,167217883,english,1718202321,1718202321,1,0,0,0.0,0,1,0,0,1,,76561198274428000,0,1,17066,30,17066,1717843491
730,167217861,english,1718202292,1718202292,1,0,0,0.0,0,1,0,0,1,,76561198089253664,57,5,13787,1442,13687,1718210192
730,142349945,russian,1689708815,1718202280,1,1,1,0.0,0,0,1,0,1,,76561199525797808,0,6,11985,1932,11985,1718030182
730,167217839,english,1718202275,1718202275,1,0,0,0.0,0,0,0,0,1,,76561199240494512,0,1,45288,865,45220,1718206375
730,167217837,english,1718202274,1718202274,0,1,0,0.5238095521926879,0,0,0,0,1,,76561199140925584,0,1,5900,1446,5757,1718210074
730,167217836,polish,1718202274,1718202274,1,0,0,0.0,0,1,0,0,1,,76561199678554976,2,1,8101,2008,8101,1718174946
730,167217824,schinese,1718202260,1718202260,1,0,0,0.0,0,1,0,0,1,,76561199363304352,3,1,12165,1390,12165,1718202539
730,167217801,schinese,1718202237,1718202237,1,0,0,0.0,0,1,0,0,1,,76561199238713888,19,7,990,227,926,1718211210
730,167217764,russian,1718202187,1718202187,0,0,0,0.0,0,1,0,0,1,,76561199551372224,0,2,7199,909,7147,1718207650
730,167217723,russian,1718202149,1718202149,1,0,0,0.0,0,0,0,0,1,,76561199620032256,0,1,3992,104,3992,1718201993
730,167217708,schinese,1718202136,1718202136,1,0,0,0.0,0,0,0,0,1,,76561199410613872,0,1,228,92,228,1718202127
730,130755370,russian,1673609887,1718202116,1,0,0,0.0,0,0,0,0,1,,76561198868994352,23,1,23823,130,20353,1718205841
730,167217677,schinese,1718202109,1718202109,1,0,0,0.0,0,0,0,0,1,,76561199175081968,11,1,978,144,923,1718205394
730,44883985,tchinese,1537670682,1718202075,0,0,0,0.0,0,0,0,0,1,,76561198447583904,115,4,26161,825,26161,1718201744
730,167217594,english,1718202020,1718202020,0,1,0,0.5238095521926879,0,1,0,0,1,,76561199512369056,115,4,9719,559,9719,1718201956
730,167217575,spanish,1718202008,1718202008,0,0,0,0.0,0,0,0,0,1,,76561198358106384,14,1,56400,683,56370,1718210824
730,141754030,ukrainian,1688991028,1718202004,0,0,0,0.0,0,1,0,0,1,,76561198057461792,0,13,8508,399,8470,1718203141
730,167217358,bulgarian,1718201777,1718201997,1,0,0,0.0,0,0,0,0,1,,76561198057311664,232,9,76132,294,76132,1718201691
730,73009254,english,1595263689,1718201979,0,1,0,0.5238095521926879,0,0,0,0,0,,76561198320521616,63,41,284838,0,112935,1716845708
730,155767250,russian,1704999174,1718201964,1,0,0,0.0,0,1,0,0,1,,76561199593545952,0,2,20139,1620,19987,1718211081
730,167217513,schinese,1718201947,1718201947,1,0,0,0.0,0,1,0,0,1,,76561199249127664,1,1,96658,2114,96529,1718210232
730,88196409,russian,1615391809,1718201939,0,0,0,0.0,0,0,0,0,0,,76561199073695520,100,49,28906,155,28906,1718176268
730,96681379,russian,1627724000,1718201931,1,1,2,0.5238095521926879,0,0,0,0,0,,76561198935790256,40,1,273666,194,273666,1717692296
730,167217476,english,1718201906,1718201906,1,0,0,0.0,0,1,0,0,1,,76561199437764768,0,1,12263,473,12112,1718210963
730,136213393,schinese,1680794665,1718201885,1,0,0,0.0,0,0,0,0,1,,76561199390725248,0,23,4610,0,4610,1714066373
730,166817747,polish,1717698148,1718201880,1,0,1,0.0,0,1,0,0,1,,76561198262457808,4,1,35406,1410,35350,1718211361
730,82837669,polish,1608576179,1718201867,1,1,0,0.5238095521926879,0,1,0,0,0,,76561199118639328,29,1,25761,2906,25761,1718105346
730,167217431,spanish,1718201858,1718201858,1,0,0,0.0,0,0,0,0,1,,76561199083017296,24,7,4664,372,4664,1718140686
730,167217389,schinese,1718201814,1718201814,1,0,0,0.0,0,1,0,0,1,,76561199038226640,4,1,1091,861,946,1718210771
730,72546046,russian,1594536649,1718201811,0,0,0,0.0,0,1,0,0,1,,76561198306802896,74,32,8732,18,8732,1718201717
730,167217312,schinese,1718201730,1718201730,1,0,0,0.0,0,0,0,0,1,,76561198364197472,15,1,267,267,198,1718205954
730,167217310,english,1718201729,1718201729,0,0,0,0.0,0,0,0,0,1,,76561198834550528,13,1,130101,6876,130100,1718211601
730,15661828,czech,1430611916,1718201715,0,0,0,0.0,0,0,0,0,1,,76561198190926560,0,1,23894,11,23894,1718201699
730,167217290,russian,1718201705,1718201705,0,0,0,0.0,0,0,0,0,1,,76561199640484656,0,3,652,559,497,1718210983
730,167217287,russian,1718201704,1718201704,1,0,0,0.0,0,1,0,0,1,,76561199697219152,1,1,1922,1922,1814,1718208170
730,167217259,spanish,1718201687,1718201687,1,0,0,0.0,0,0,0,0,1,,76561199475004272,0,1,628,542,491,1718209995
730,167217256,schinese,1718201675,1718201675,1,0,0,0.0,0,0,0,0,1,,76561199126575504,35,1,29579,1633,29455,1718211721
730,167217228,russian,1718201646,1718201646,0,0,0,0.0,0,1,0,0,1,,76561199696699232,0,1,2167,2132,2015,1718210773
730,167216964,schinese,1718201380,1718201621,1,0,0,0.0,0,0,0,0,1,,76561198429113248,114,2,102492,1345,102462,1718203632
730,167217201,ukrainian,1718201615,1718201615,0,0,0,0.0,0,1,0,0,1,,76561199048617104,0,9,26160,0,26160,1688927270
730,167217147,english,1718201558,1718201558,1,1,0,0.5238095521926879,0,0,0,0,1,,76561199639048384,0,1,7976,629,7976,1717860690
730,113955801,ukrainian,1650122961,1718201509,1,0,0,0.0,0,0,0,0,1,,76561198971010560,150,13,79059,401,79059,1718183369
730,167217089,schinese,1718201504,1718201504,1,0,0,0.0,0,0,0,0,1,,76561199119126464,0,1,1687,1603,1619,1718205649
730,167217052,schinese,1718201471,1718201471,1,0,0,0.0,0,0,0,0,1,,76561199527994896,2,1,24347,1533,24256,1718207171
730,127830778,english,1670066560,1718201467,0,0,0,0.0,0,1,0,0,1,,76561198149316736,138,6,63415,303,63401,1718202216
730,167217030,schinese,1718201454,1718201454,0,0,0,0.0,0,0,0,0,1,,76561199082204752,0,5,51051,335,51051,1718201425
730,167216953,brazilian,1718201372,1718201372,1,0,0,0.0,0,1,0,0,1,,76561199190359904,7,4,62225,623,62073,1718210562
730,123694479,polish,1665517402,1718201365,1,0,0,0.0,0,0,0,0,1,,76561199111248032,6,1,72112,5698,71960,1718211028
730,165664583,russian,1716116364,1718201349,0,0,0,0.0,0,0,0,0,1,,76561199473040640,15,1,8393,1804,8241,1718210478
730,167216926,schinese,1718201343,1718201343,0,0,0,0.0,0,0,0,0,1,,76561198819776656,0,1,2191,376,2191,1717863573
730,154569351,english,1703709026,1718201308,1,0,0,0.0,0,1,0,0,1,,76561199014791632,0,13,27865,711,27834,1718210959
730,167216874,turkish,1718201284,1718201284,1,0,0,0.0,0,1,1,0,1,,76561199702290768,0,1,213,213,188,1718202871
730,167216867,english,1718201275,1718201275,0,0,0,0.0,0,1,1,0,1,,76561198879011056,46,13,3929,1066,3759,1718211673
730,167216854,russian,1718201262,1718201262,1,0,0,0.0,0,1,0,0,1,,76561199701095040,0,1,1134,1134,1093,1718203806
730,71205703,russian,1592883770,1718201252,0,0,0,0.5454545617103576,0,1,0,0,0,,76561198379116032,18,1,46639,249,46592,1718203398
730,167216838,schinese,1718201240,1718201240,1,0,0,0.0,0,1,0,0,1,,76561199179885440,0,2,59676,1660,59676,1718189344
730,167216835,schinese,1718201239,1718201239,0,0,0,0.0,0,0,0,0,1,,76561198400060032,88,17,136361,327,136325,1718203428
730,167216832,schinese,1718201235,1718201235,1,0,0,0.0,0,0,1,0,1,,76561199196039792,0,1,44983,389,44983,1718029967
730,167216813,schinese,1718201217,1718201217,1,0,0,0.0,0,0,0,0,1,,76561199060500608,0,1,266,266,266,1718201106
730,167216809,schinese,1718201215,1718201215,1,0,0,0.0,0,0,0,0,1,,76561198367822816,6,1,8957,1631,8957,1718188729
730,167216785,english,1718201185,1718201185,0,0,0,0.0,0,1,0,0,1,,76561198055614464,163,14,14133,0,14133,1712210188
730,165668941,english,1716121761,1718201185,0,0,0,0.0,0,0,0,0,1,,76561199643209792,4,3,306,202,306,1717674850
730,167216740,russian,1718201144,1718201144,1,0,0,0.0,0,1,0,0,1,,76561199528743856,5,1,11823,337,11766,1718204542
730,167216727,english,1718201132,1718201132,1,0,0,0.0,0,1,0,0,1,,76561198816337408,41,3,18314,964,18314,1718165958
730,100432114,russian,1633261138,1718201132,0,0,0,0.0,0,0,0,0,0,,76561198983206656,30,6,93980,277,93881,1718207144
730,46914701,russian,1543147601,1718201087,1,0,0,0.0,0,0,0,0,0,,76561198053885280,0,3,32699,0,32699,1709935098
730,167216685,polish,1718201081,1718201081,1,0,0,0.0,0,0,0,0,1,,76561199260854624,11,1,99174,1979,99174,1717957669
730,167216664,spanish,1718201060,1718201060,1,0,0,0.0,0,0,0,0,1,,76561198197296800,4,1,165055,153,164902,1718210287
730,167216643,russian,1718201037,1718201037,0,0,0,0.0,0,1,0,0,1,,76561199188033216,13,1,40377,3322,40263,1718210119
730,167216634,schinese,1718201032,1718201032,1,0,0,0.0,0,1,0,0,1,,76561199536522048,0,1,13362,1651,13235,1718209430
730,85449429,turkish,1611764817,1718201013,1,0,0,0.0,0,0,0,0,1,,76561197961199760,21,1,119170,324,119170,1718191266
730,167216572,turkish,1718200971,1718200971,1,0,0,0.0,0,0,0,0,1,,76561199153614096,24,2,4932,26,4932,1718123964
730,167216551,schinese,1718200949,1718200949,1,0,0,0.0,0,0,1,0,1,,76561199474018976,0,1,3062,85,3030,1718202861
730,167216546,schinese,1718200941,1718200941,1,0,0,0.0,0,1,1,0,1,,76561199539997632,4,1,33982,2321,33916,1718205311
730,167216538,english,1718200923,1718200923,0,0,0,0.0,0,1,0,0,1,,76561198150955232,0,1,272313,1442,272313,1718200819
730,167216505,russian,1718200893,1718200893,1,0,0,0.0,0,0,0,0,1,,76561199278833952,0,3,2941,315,2903,1718204829
730,167216472,schinese,1718200860,1718200860,1,0,0,0.0,0,0,0,0,1,,76561198979045136,21,1,44920,1322,44840,1718205588
730,167216464,russian,1718200852,1718200852,1,0,0,0.0,0,0,0,0,1,,76561199680441616,0,2,719,719,621,1718210197
730,167216457,turkish,1718200846,1718200846,1,0,0,0.0,0,0,0,0,1,,76561199004141184,0,1,1310,86,1310,1718200826
730,167216446,danish,1718200835,1718200835,1,0,0,0.0,0,0,0,0,1,,76561199075019648,8,1,49497,7,49490,1718203136
730,167216444,schinese,1718200832,1718200832,1,0,0,0.0,0,0,0,0,1,,76561199571438304,4,1,8782,485,8779,1718201203
730,167216428,schinese,1718200814,1718200814,1,0,0,0.0,0,0,0,0,1,,76561199063694160,2,1,19466,2075,19302,1718211150
730,167216423,schinese,1718200810,1718200810,1,0,0,0.0,0,0,0,0,1,,76561198975847136,58,1,64678,1001,64678,1718117141
730,68733954,schinese,1588860202,1718200801,0,2,0,0.538922131061554,3,0,0,0,0,,76561198834305520,149,36,162381,183,162371,1718200814
730,167216417,schinese,1718200794,1718200794,1,0,0,0.0,0,0,0,0,1,,76561198832881712,3,1,73741,3,73738,1718202439
730,167216413,english,1718200793,1718200793,1,0,0,0.0,0,1,0,0,1,,76561199700054304,0,1,690,690,542,1718209760
730,167216389,russian,1718200761,1718200761,0,0,0,0.0,0,0,0,0,1,,76561199532776144,0,1,3509,183,3383,1718209316
730,167216375,schinese,1718200749,1718200749,1,0,0,0.0,0,1,1,0,1,,76561199076901872,41,2,70660,347,70639,1718205620
570,166779369,turkish,1717648688,1717648688,0,0,0,0.0,0,0,0,0,1,,76561198219948272,42,1,248,248,248,1717648449
570,166779211,spanish,1717648459,1717648459,1,0,0,0.0,0,0,0,0,1,,76561198264082672,0,1,130120,0,130120,1713501757
570,166779158,russian,1717648405,1717648405,0,0,0,0.0,0,0,0,0,1,,76561199200083232,20,1,107907,3045,107907,1717648644
570,166779021,russian,1717648199,1717648199,1,0,0,0.0,0,0,0,0,1,,76561199513537248,0,1,550,175,550,1717478249
570,166778944,russian,1717648102,1717648102,1,0,0,0.0,0,0,0,0,1,,76561198178402336,196,19,146675,1929,146675,1717207371
570,166778932,russian,1717648087,1717648087,1,0,0,0.0,0,0,0,0,1,,76561199099673856,17,1,2598,38,2598,1717648123
570,154612396,russian,1703754737,1717648019,1,0,0,0.0,0,0,0,0,1,,76561199217681952,18,1,88244,1383,88244,1717648084
570,166778766,russian,1717647763,1717647763,0,0,0,0.0,0,0,0,0,1,,76561199171099744,15,2,35267,2594,35262,1717648077
570,166778746,english,1717647733,1717647733,1,0,0,0.0,0,0,0,0,1,,76561198143053344,20,1,507721,7263,507690,1717649542
570,166104557,russian,1716734566,1717647697,0,0,0,0.0,0,0,0,0,1,,76561199549202208,0,5,786,203,786,1717010433
570,166778720,english,1717647688,1717647688,1,0,0,0.0,0,0,0,0,1,,76561199447041616,22,1,29924,0,29924,1694710271
570,166778716,english,1717647685,1717647685,1,0,0,0.0,0,0,0,0,1,,76561199447260384,22,1,29873,0,29873,1694710264
570,166778715,english,1717647681,1717647681,1,0,0,0.0,0,0,0,0,1,,76561199447277632,22,1,29927,0,29927,1694710257
570,166778711,english,1717647678,1717647678,1,0,0,0.0,0,0,0,0,1,,76561199447864016,22,1,29965,0,29965,1694710250
570,166778706,english,1717647674,1717647674,1,0,0,0.0,0,0,0,0,1,,76561199446971616,20,1,29816,0,29816,1694710229
570,166778705,english,1717647674,1717647674,1,0,0,0.0,0,0,0,0,1,,76561199446999968,22,1,29901,0,29901,1694710236
570,166778701,english,1717647667,1717647667,1,0,0,0.0,0,0,0,0,1,,76561199447920192,22,1,29913,0,29913,1694709981
570,166778699,english,1717647664,1717647664,1,0,0,0.0,0,0,0,0,1,,76561199447699616,22,1,29917,0,29917,1694710222
570,166778696,english,1717647660,1717647660,1,0,0,0.0,0,0,0,0,1,,76561199447425456,22,1,29958,0,29958,1694709974
570,166778690,english,1717647656,1717647656,1,0,0,0.0,0,0,0,0,1,,76561199447774240,22,1,29765,0,29765,1694709967
570,166778688,english,1717647653,1717647653,1,0,0,0.0,0,0,0,0,1,,76561199447284128,22,1,29767,0,29767,1694709947
570,166778685,english,1717647653,1717647653,1,0,0,0.0,0,0,0,0,1,,76561199447379824,21,1,29902,0,29902,1694710208
570,166778679,english,1717647646,1717647646,1,0,0,0.0,0,0,0,0,1,,76561199447644160,22,1,29912,0,29912,1694709940
570,166778677,english,1717647643,1717647643,1,0,0,0.0,0,0,0,0,1,,76561199447750048,22,1,29859,0,29859,1694710202
570,166778672,english,1717647639,1717647639,1,0,0,0.0,0,0,0,0,1,,76561199447615808,22,1,29908,0,29908,1694710195
570,166778670,english,1717647636,1717647636,1,0,0,0.0,0,0,0,0,1,,76561199447262672,22,1,29862,0,29862,1694710188
570,166778668,english,1717647632,1717647632,1,0,0,0.0,0,0,0,0,1,,76561199448048080,22,1,29880,0,29880,1694710180
570,166778667,english,1717647629,1717647629,1,0,0,0.0,0,0,0,0,1,,76561199447192352,22,1,29792,0,29792,1694710173
570,166778662,english,1717647626,1717647626,1,0,0,0.0,0,0,0,0,1,,76561199447276752,22,1,29887,0,29887,1694710167
570,166778660,english,1717647621,1717647621,1,0,0,0.0,0,0,0,0,1,,76561199447372768,22,1,29919,0,29919,1694710160
570,166778658,english,1717647618,1717647618,1,0,0,0.0,0,0,0,0,1,,76561199447385504,22,1,29962,0,29962,1694710153
570,166778651,english,1717647614,1717647614,1,0,0,0.0,0,0,0,0,1,,76561199447362192,22,1,29920,0,29920,1694710146
570,166778649,english,1717647611,1717647611,1,0,0,0.0,0,0,0,0,1,,76561199447304672,22,1,29948,0,29948,1694710139
570,166778647,english,1717647608,1717647608,1,0,0,0.0,0,0,0,0,1,,76561199447404688,22,1,29913,0,29913,1694710133
570,166778645,english,1717647604,1717647604,1,0,0,0.0,0,0,0,0,1,,76561199447574368,22,1,29959,0,29959,1694710126
570,166778643,russian,1717647602,1717647602,1,0,0,0.0,0,0,0,0,1,,76561199194649408,0,1,100202,8723,100196,1717648115
570,166778642,russian,1717647602,1717647602,1,0,0,0.0,0,0,0,0,1,,76561198842228640,17,1,246107,4602,246107,1717569045
570,166778641,english,1717647602,1717647602,1,0,0,0.0,0,0,0,0,1,,76561199447284768,22,1,29918,0,29918,1694710118
570,166778638,english,1717647597,1717647597,1,0,0,0.0,0,0,0,0,1,,76561199447852512,22,1,29930,0,29930,1694710111
570,166778636,english,1717647595,1717647595,1,0,0,0.0,0,0,0,0,1,,76561199447145264,22,1,29973,0,29973,1694710105
570,166778632,english,1717647590,1717647590,1,0,0,0.0,0,0,0,0,1,,76561199447728448,22,1,29958,0,29958,1694710097
570,166778630,english,1717647587,1717647587,1,0,0,0.0,0,0,0,0,1,,76561199447676592,22,1,29961,0,29961,1694710091
570,166778626,english,1717647583,1717647583,1,0,0,0.0,0,0,0,0,1,,76561199447272896,22,1,29920,0,29920,1694710084
570,166778624,english,1717647580,1717647580,1,0,0,0.0,0,0,0,0,1,,76561199447508560,22,1,29923,0,29923,1694710077
570,166778621,english,1717647576,1717647576,1,0,0,0.0,0,0,0,0,1,,76561199447514976,22,1,29920,0,29920,1694710071
570,166778617,english,1717647573,1717647573,1,0,0,0.0,0,0,0,0,1,,76561199447479344,22,1,29882,0,29882,1694710063
570,166778615,english,1717647569,1717647569,1,0,0,0.0,0,0,0,0,1,,76561199447358032,22,1,29911,0,29911,1694710056
570,166778613,english,1717647566,1717647566,1,0,0,0.0,0,0,0,0,1,,76561199447345104,22,1,29936,0,29936,1694710049
570,166778610,english,1717647562,1717647562,1,0,0,0.0,0,0,0,0,1,,76561199447486400,22,1,29936,0,29936,1694710042
570,166778606,english,1717647559,1717647559,1,0,0,0.0,0,0,0,0,1,,76561199447488080,22,1,29911,0,29911,1694710035
570,166778603,english,1717647556,1717647556,1,0,0,0.0,0,0,0,0,1,,76561199447350000,22,1,29928,0,29928,1694710029
570,166778600,english,1717647552,1717647552,1,0,0,0.0,0,0,0,0,1,,76561199447527792,22,1,29969,0,29969,1694710022
570,166778597,english,1717647548,1717647548,1,0,0,0.0,0,0,0,0,1,,76561199447192912,22,1,29925,0,29925,1694710015
570,166778594,english,1717647544,1717647544,1,0,0,0.0,0,0,0,0,1,,76561199447019760,22,1,29923,0,29923,1694710008
570,166778593,english,1717647541,1717647541,1,0,0,0.0,0,0,0,0,1,,76561199447573568,22,1,29918,0,29918,1694710001
570,166778588,english,1717647538,1717647538,1,0,0,0.0,0,0,0,0,1,,76561199447243872,22,1,29751,0,29751,1694709994
570,166778586,english,1717647534,1717647534,1,0,0,0.0,0,0,0,0,1,,76561199447633088,22,1,29849,0,29849,1694709987
570,166778581,english,1717647530,1717647530,1,0,0,0.0,0,0,0,0,1,,76561199447527472,22,1,29745,0,29745,1693043246
570,166778578,english,1717647527,1717647527,1,0,0,0.0,0,0,0,0,1,,76561199447725872,22,1,29850,0,29850,1694709960
570,166778418,russian,1717647295,1717647483,0,0,0,0.0,0,0,0,0,1,,76561199444238288,100,5,11028,1776,11018,1717648125
570,166778528,english,1717647450,1717647450,1,0,0,0.0,0,0,0,0,1,,76561198390391008,27,4,743,669,743,1717648045
570,166778461,russian,1717647347,1717647347,1,0,0,0.0,0,0,0,0,1,,76561199017530704,47,1,78545,5199,78519,1717648933
570,166778392,schinese,1717647250,1717647250,0,0,0,0.0,0,0,0,0,1,,76561199164798720,26,1,2495,1103,2490,1717648591
570,166778376,russian,1717647227,1717647227,1,0,0,0.0,0,0,0,0,1,,76561199146798144,20,1,130550,1563,130550,1717423485
570,166778323,brazilian,1717647147,1717647147,1,0,0,0.0,0,0,0,0,1,,76561198201926592,0,1,98363,5933,98333,1717649012
570,166778304,english,1717647122,1717647122,1,0,0,0.0,0,0,0,0,1,,76561198323870768,0,1,65094,186,65063,1717649044
570,166778280,russian,1717647083,1717647083,1,0,0,0.0,0,0,1,0,1,,76561198154136224,11,1,1682,412,1651,1717648889
570,166777889,spanish,1717646461,1717646461,1,0,0,0.0,0,0,0,0,1,,76561198081372864,0,1,176599,1324,176569,1717648268
570,166777884,english,1717646453,1717646453,1,0,0,0.0,0,0,0,0,1,,76561199134770224,0,1,2171,1291,2138,1717648499
570,166777728,schinese,1717646167,1717646167,1,0,0,0.0,0,0,0,0,1,,76561198099745824,0,1,124245,555,124214,1717647984
570,166777612,russian,1717645999,1717645999,1,0,0,0.0,0,0,0,0,1,,76561199260835824,9,10,253,253,253,1717395539
570,166777493,russian,1717645820,1717645820,1,0,0,0.0,0,0,0,0,1,,76561199436540992,0,3,25,0,25,1711694158
570,166777489,russian,1717645811,1717645811,1,0,0,0.0,0,0,0,0,1,,76561199267726448,0,1,52723,1756,52663,1717649447
570,96561696,koreana,1627545908,1717645811,1,0,0,0.0,0,0,0,0,0,,76561199181748352,0,22,22899,1482,8,1717580839
570,166777408,russian,1717645687,1717645687,1,0,0,0.0,0,0,0,0,1,,76561198151203152,0,2,192679,6052,192622,1717649140
570,166777385,schinese,1717645652,1717645652,1,0,0,0.0,0,0,0,0,1,,76561199000933680,21,1,12983,7352,12952,1717649148
570,166777268,schinese,1717645453,1717645453,1,0,0,0.0,0,0,0,0,1,,76561198142122016,96,8,132612,3631,132608,1717647623
570,166777164,russian,1717645297,1717645297,1,0,0,0.0,0,0,1,0,1,,76561199657806544,0,1,8391,1598,8347,1717647914
570,131562123,russian,1674699975,1717645179,1,0,0,0.0,0,0,0,0,1,,76561199390576048,0,2,10841,0,10841,1692040591
570,166777003,schinese,1717645048,1717645048,1,0,0,0.0,0,0,1,0,1,,76561198083411216,0,1,429682,4466,429682,1717644914
570,166776915,russian,1717644907,1717644907,1,0,0,0.0,0,0,0,0,1,,76561199205028704,0,1,28624,4982,28587,1717649292
570,166776804,english,1717644759,1717644759,1,0,0,0.0,0,0,0,0,1,,76561198176418528,18,1,162164,2537,162105,1717649635
570,166776666,schinese,1717644551,1717644551,0,0,0,0.0,0,0,0,0,1,,76561198166233168,0,1,365072,9834,365042,1717648802
570,166776648,schinese,1717644522,1717644522,1,0,0,0.0,0,0,0,0,1,,76561199652394608,0,1,12820,3241,12760,1717648114
570,166776591,thai,1717644421,1717644421,1,0,0,0.0,0,0,0,0,1,,76561198342309248,0,1,9737,2083,9676,1717648020
570,153995078,russian,1703079164,1717644381,1,0,0,0.0,0,0,0,0,1,,76561199546214368,2,1,64830,6212,63721,1717646005
570,166776490,russian,1717644271,1717644271,1,1,0,0.5238095521926879,0,0,1,0,1,,76561199558623872,0,1,21405,3998,21405,1717612044
570,166776217,schinese,1717643851,1717643851,0,0,0,0.0,0,0,0,0,1,,76561198147878432,10,1,64076,2675,63985,1717649273
570,166776189,schinese,1717643802,1717643802,1,0,0,0.0,0,0,0,0,1,,76561198175224336,45,1,616533,5569,616472,1717649119
570,147570624,russian,1696346883,1717643757,1,0,0,0.0,0,0,0,0,1,,76561199105381024,0,10,22303,2346,22303,1717610823
570,166776152,english,1717643740,1717643740,1,0,0,0.0,0,0,0,0,1,,76561198104188528,0,51,156,0,156,1532046501
570,166775991,english,1717643522,1717643522,1,0,0,0.0,0,0,0,0,1,,76561198991904128,0,1,92055,2351,91965,1717649435
570,166775917,ukrainian,1717643427,1717643427,0,0,0,0.0,0,0,0,0,1,,76561199063806256,4,1,12588,2642,12588,1717643306
570,41404274,english,1523389468,1717643409,1,0,0,0.489406794309616,1,0,0,0,0,,76561198316974000,66,1,397169,3821,397121,1717646315
570,166775894,schinese,1717643402,1717643402,1,0,0,0.0,0,0,0,0,1,,76561198977512848,0,1,302,302,255,1717648662
570,166775867,russian,1717643377,1717643377,1,0,0,0.0,0,0,0,0,1,,76561199062499552,10,2,277,277,215,1717649416
570,166775866,russian,1717643376,1717643376,1,0,0,0.0,0,0,0,0,1,,76561199481315568,0,2,2490,1382,2488,1717643498
570,166775845,russian,1717643348,1717643348,1,0,0,0.0,0,0,0,0,1,,76561198348305376,0,6,1952,1952,1940,1717644067
570,166775751,english,1717643227,1717643227,1,0,0,0.0,0,0,0,0,1,,76561198123964176,0,1,423005,4274,422915,1717648585
570,166775639,russian,1717643032,1717643032,1,0,0,0.0,0,0,1,0,1,,76561199016201440,44,7,2991,1126,2991,1717595719
570,166775628,schinese,1717643019,1717643019,1,0,0,0.0,0,0,0,0,1,,76561198100953296,11,1,118980,2494,118941,1717649634
570,166775609,english,1717642988,1717642988,1,0,0,0.0,0,0,1,0,1,,76561198292114144,8,2,339282,5989,339191,1717648830
570,166775448,english,1717642724,1717642724,1,0,0,0.0,0,0,0,0,1,,76561198263981696,0,22,66734,754,66679,1717646248
570,166775418,russian,1717642676,1717642676,1,0,0,0.0,0,0,0,0,1,,76561199027079184,17,2,70679,4712,70612,1717646674
570,166775389,english,1717642632,1717642632,1,0,0,0.0,0,0,1,0,1,,76561198082054384,0,1,332839,2666,332748,1717648101
570,166775382,russian,1717642619,1717642619,0,0,0,0.0,0,0,1,0,1,,76561198864681024,1,2,83136,3995,83129,1717649192
570,166775356,russian,1717642596,1717642596,1,0,0,0.0,0,0,1,0,1,,76561198893237728,13,7,209781,5966,209781,1717576697
570,166775351,brazilian,1717642589,1717642589,1,0,0,0.0,0,0,0,0,1,,76561198214713648,0,1,92167,9699,92077,1717648150
570,1487585,english,1342196038,1717642279,1,0,0,0.0,0,0,1,0,0,,76561197993705408,0,5,676226,296,676226,1717482176
570,166775117,spanish,1717642268,1717642268,1,0,0,0.0,0,0,0,0,1,,76561198918943392,0,1,99542,1104,99458,1717647312
570,165571814,russian,1716002613,1717642170,1,0,0,0.0,0,0,0,0,1,,76561198985572704,0,1,56704,1997,54148,1717647011
570,166775049,schinese,1717642168,1717642168,0,0,0,0.0,0,0,0,0,1,,76561198180563776,6,1,61177,8224,61131,1717645911
570,166775039,russian,1717642159,1717642159,0,0,0,0.0,0,0,1,0,1,,76561199178204544,0,3,184,184,184,1717642070
570,124447788,russian,1666837488,1717642124,1,0,0,0.0,0,0,1,0,1,,76561199403461536,3,1,95473,3107,95382,1717648026
570,144233510,russian,1692075436,1717642068,0,0,0,0.0,0,0,0,0,1,,76561198092513296,2,3,36977,156,36886,1717648787
570,166774930,english,1717642000,1717642000,0,0,0,0.0,0,0,0,0,1,,76561199047713408,0,1,185284,1800,185268,1717643781
570,166774901,brazilian,1717641958,1717641958,1,0,0,0.0,0,0,0,0,1,,76561199205900672,0,1,262216,4651,262137,1717646712
570,166774848,brazilian,1717641888,1717641888,1,0,0,0.0,0,0,0,0,1,,76561198074215792,0,2,601492,10443,601371,1717649134
570,149243299,russian,1698747694,1717641844,0,0,0,0.0,0,0,0,0,1,,76561198856455488,0,3,80854,5862,80760,1717647783
570,48297673,english,1547361584,1717641834,0,0,0,0.4545454680919647,0,0,0,0,0,,76561198002876000,0,1,923233,4684,923150,1717648943
570,166774652,english,1717641621,1717641621,1,0,0,0.0,0,0,0,0,1,,76561199231077168,0,1,31729,2046,31726,1717641854
570,166774523,english,1717641447,1717641447,1,0,0,0.0,0,0,0,0,1,,76561198007541680,34,3,163465,9770,163432,1717648934
570,166774522,russian,1717641446,1717641446,1,0,0,0.0,0,0,0,0,1,,76561199380034448,0,1,165574,6493,165464,1717649276
570,166774474,english,1717641389,1717641389,1,0,0,0.0,0,0,1,0,1,,76561198159621888,0,1,94582,2416,94461,1717648131
570,166774469,russian,1717641381,1717641381,1,0,0,0.0,0,0,0,0,1,,76561199223590416,5,2,21384,1632,21258,1717648958
570,166774453,schinese,1717641353,1717641353,1,0,0,0.0,0,0,0,0,1,,76561198237348752,0,3,512027,1522,511901,1717648600
570,93101476,ukrainian,1622721139,1717641269,0,0,0,0.0,0,0,0,0,1,,76561198976130704,68,2,62252,1342,62133,1717648413
570,166774252,schinese,1717641100,1717641100,0,0,0,0.0,0,0,0,0,1,,76561199433789168,0,1,75732,14108,75732,1717648249
570,166774163,english,1717640955,1717640955,1,0,0,0.0,0,0,0,0,1,,76561199243342288,0,1,28301,3859,28301,1717640489
570,166774125,english,1717640900,1717640900,1,0,0,0.0,0,0,0,0,1,,76561198049559536,0,3,17371,5796,17353,1717649410
570,166774112,brazilian,1717640878,1717640878,1,0,0,0.0,0,0,0,0,1,,76561199014599600,0,1,91278,2358,91158,1717649319
570,166774062,english,1717640807,1717640807,1,0,0,0.0,0,0,0,0,1,,76561198278531024,0,2,378853,2827,378757,1717646506
570,166774043,english,1717640783,1717640783,0,0,0,0.0,0,0,0,0,1,,76561198837311600,0,5,820,0,820,1715640506
570,166773955,russian,1717640678,1717640678,1,0,0,0.0,0,0,1,0,1,,76561199683799504,0,1,3854,2094,3736,1717648216
570,165893966,schinese,1716441844,1717640543,0,0,0,0.0,0,0,0,0,1,,76561198359177488,85,4,53727,2930,53629,1717646625
570,166773816,spanish,1717640477,1717640477,1,0,0,0.0,0,0,0,0,1,,76561199413041568,0,1,164497,3452,164344,1717649635
570,165662673,russian,1716113919,1717640366,0,0,0,0.0,0,0,0,0,1,,76561199552318976,0,3,27090,2988,27086,1717648265
570,103041641,russian,1637318673,1717640072,0,0,0,0.0,0,0,0,0,1,,76561198307386736,35,1,128664,935,128513,1717649265
570,166773486,schinese,1717640028,1717640028,1,0,0,0.0,0,0,0,0,1,,76561198981238432,11,1,10660,2583,10651,1717640646
570,166773446,schinese,1717639968,1717639968,1,0,0,0.0,0,0,0,0,1,,76561198103229712,0,1,43857,3426,43706,1717649144
570,71730800,spanish,1593523781,1717639964,1,0,0,0.0,0,0,0,0,0,,76561198835838608,0,7,208060,360,208002,1717643535
570,166773418,russian,1717639933,1717639933,1,0,0,0.0,0,0,0,0,1,,76561198383619424,38,4,37357,2682,37200,1717649406
570,166773399,english,1717639907,1717639907,1,0,1,0.0,0,0,0,0,1,,76561198044939584,0,5,616777,1195,616653,1717649455
570,166773395,russian,1717639902,1717639902,1,0,0,0.0,0,0,0,0,1,,76561199132213728,0,2,9874,4354,9874,1717639916
570,160182511,spanish,1709991076,1717639893,1,0,0,0.0,0,0,0,0,1,,76561198119108624,0,1,19512,2368,4244,1717644218
570,135928722,schinese,1680407231,1717639852,1,0,0,0.0,0,0,0,0,1,,76561198360058816,593,62,156082,6640,155958,1717648919
570,29263254,english,1484449529,1717639795,1,0,0,0.0,0,0,0,0,1,,76561198534235952,23,1,13906,189,13844,1717645642
570,166773319,english,1717639794,1717639794,1,0,0,0.0,0,0,0,0,1,,76561198377838160,0,1,250408,6694,250249,1717649334
570,166773272,schinese,1717639725,1717639725,0,0,0,0.0,0,0,0,0,1,,76561198150613856,0,1,562495,1664,562487,1717640265
570,166773270,spanish,1717639722,1717639722,1,0,0,0.0,0,0,1,0,1,,76561198843020096,0,1,345554,2118,345436,1717646843
570,127205518,russian,1669550349,1717639693,0,0,0,0.0,0,0,0,0,1,,76561198151165264,0,1,175259,7169,175223,1717641465
570,165549376,russian,1715973052,1717639599,0,1,0,0.0,0,0,0,0,1,,76561198012504000,55,6,12618,4057,12482,1717647962
570,39387515,russian,1516102693,1717639444,0,8,3,0.5774778127670288,3,0,0,0,0,,76561198072074848,308,20,50,0,50,1460611640
570,166772693,spanish,1717638944,1717638944,1,0,0,0.0,0,0,0,0,1,,76561199586038032,0,1,30786,2321,30675,1717643708
570,166772646,spanish,1717638880,1717638880,0,0,0,0.0,0,0,0,0,1,,76561199192355808,2,1,238042,2354,237844,1717649583
570,166772393,spanish,1717638514,1717638514,1,0,0,0.0,0,0,0,0,1,,76561199232161024,0,1,26016,61,25957,1717642101
570,74620065,russian,1597937848,1717638273,1,0,0,0.0,0,0,1,0,0,,76561198192292864,17,1,407065,4834,407065,1717638201
570,166772084,russian,1717638042,1717638042,0,0,0,0.0,0,0,0,0,1,,76561199544059104,0,1,12165,5800,12040,1717648778
570,166771781,brazilian,1717637614,1717637614,1,0,0,0.0,0,0,0,0,1,,76561199188030272,0,7,20305,42,20263,1717641137
570,63458051,spanish,1581636956,1717637560,0,0,0,0.0,1,0,0,0,1,,76561198384743520,13,2,917423,6238,917420,1717640178
570,166771726,english,1717637543,1717637543,0,1,0,0.5238095521926879,0,0,0,0,1,,76561199118549760,2,1,65109,3030,65109,1717637382
570,166771725,spanish,1717637540,1717637540,1,0,0,0.0,0,0,0,0,1,,76561198077731952,0,1,265570,1912,265408,1717648574
570,166771470,brazilian,1717637209,1717637209,1,0,0,0.0,0,0,0,0,1,,76561198071539328,83,2,16296,1649,16221,1717641717
570,166771351,russian,1717637039,1717637039,0,0,0,0.0,0,0,0,0,1,,76561198117389168,31,3,17066,2330,17066,1717636690
570,166771136,schinese,1717636754,1717636754,1,0,0,0.0,0,0,0,0,1,,76561198160296960,0,1,217642,2431,217637,1717637114
570,148395174,russian,1697561613,1717636559,0,0,0,0.5238095521926879,0,0,1,0,1,,76561199388617504,3,1,186476,2174,186469,1717636781
570,166770977,schinese,1717636530,1717636530,1,0,0,0.0,0,0,0,0,1,,76561198229068416,154,37,517,139,517,1716899280
570,166770903,english,1717636431,1717636431,0,0,0,0.0,0,0,0,0,1,,76561198078670624,0,5,410235,2446,410235,1717636279
570,131636004,russian,1674801857,1717636257,0,0,0,0.0,0,0,0,0,1,,76561198850880352,20,3,31919,4403,31919,1717635714
570,166770546,english,1717635898,1717635898,1,0,1,0.0,0,0,0,0,1,,76561199016029184,0,2,11870,4869,11795,1717640314
570,166770350,russian,1717635623,1717635623,0,0,0,0.0,0,0,0,0,1,,76561199064540960,0,1,10230,162,10230,1717099602
570,166770205,russian,1717635406,1717635406,1,0,0,0.0,0,0,0,0,1,,76561198295010208,34,6,447,0,447,1676493447
570,166770191,english,1717635382,1717635382,1,1,0,0.5238095521926879,0,0,0,0,1,,76561199540210240,0,2,219,103,115,1717642830
570,166770000,english,1717635130,1717635130,1,1,0,0.5238095521926879,2,0,0,0,1,,76561198048196960,157,7,516819,1484,516819,1717595124
570,166769934,russian,1717635052,1717635052,1,0,0,0.0,0,0,0,0,1,,76561199164061216,39,1,48240,2157,48035,1717647551
570,166769875,russian,1717634984,1717634984,1,0,0,0.0,0,0,0,0,1,,76561199067824464,4,1,61262,2066,61262,1717634148
570,166769568,russian,1717634552,1717634552,1,0,0,0.0,0,0,0,0,1,,76561198064425808,0,1,25990,694,25770,1717647800
570,166769429,english,1717634376,1717634376,1,0,0,0.0,0,0,0,0,1,,76561198104517424,0,1,89254,1777,89167,1717648353
570,166769390,russian,1717634333,1717634333,1,0,0,0.0,0,0,0,0,1,,76561199139985632,9,1,176468,7090,176257,1717645962
570,166769281,schinese,1717634179,1717634179,0,0,0,0.0,0,0,0,0,1,,76561198209583744,0,14,624,0,624,1550307472
570,166769273,french,1717634167,1717634167,1,0,0,0.0,0,0,0,0,1,,76561198034162528,0,1,205777,1584,205668,1717644505
570,166769198,russian,1717634049,1717634049,0,0,0,0.0,0,0,1,0,1,,76561199260088720,0,4,222,180,222,1717089230
570,27622491,russian,1480151294,1717634048,0,0,1,0.0,0,0,0,0,0,,76561198086252320,0,31,125071,1651,125071,1717633933
570,166769086,russian,1717633889,1717633889,1,0,0,0.0,0,0,0,0,1,,76561199187955312,15,1,16691,3534,16678,1717636394
570,166769024,spanish,1717633816,1717633816,1,0,0,0.0,0,0,0,0,1,,76561198127136960,0,1,520017,1985,519814,1717646090
570,166768931,ukrainian,1717633687,1717633687,1,0,0,0.0,0,0,0,0,1,,76561199400498368,0,1,58370,3001,58215,1717644749
570,166768930,schinese,1717633686,1717633686,1,0,0,0.0,0,0,0,0,1,,76561198376928224,0,1,32153,977,32050,1717639888
570,166768764,brazilian,1717633460,1717633460,1,0,0,0.0,0,0,0,0,1,,76561199683396544,0,1,8738,3965,8738,1717633434
570,166768728,russian,1717633399,1717633399,0,0,0,0.0,0,0,0,0,1,,76561199666026320,8,1,11789,260,11789,1717633365
570,166768719,russian,1717633384,1717633384,0,1,0,0.5238095521926879,0,0,0,0,1,,76561198137970176,0,1,169970,9098,169970,1717631308
570,166768683,russian,1717633333,1717633333,0,0,0,0.0,0,0,0,0,1,,76561198305954512,112,3,32383,748,32383,1717633271
570,166768517,english,1717633115,1717633115,1,0,0,0.0,0,0,0,0,1,,76561199418580304,0,17,1777,200,1777,1717611495
570,166768341,english,1717632873,1717632873,1,0,0,0.0,0,0,0,0,1,,76561199070026192,41,24,18750,0,18750,1683900028
570,166768298,english,1717632801,1717632801,1,0,0,0.0,0,0,1,0,1,,76561198018712432,0,1,698717,1665,698647,1717636429
570,166768250,english,1717632724,1717632724,1,0,0,0.0,0,0,0,0,1,,76561197993277184,0,3,80914,2616,80680,1717646905
570,166768221,russian,1717632679,1717632679,0,0,0,0.0,0,0,0,0,1,,76561198113588496,0,3,193189,473,193189,1717625344
570,166768193,spanish,1717632650,1717632650,1,0,0,0.0,0,0,0,0,1,,76561198147477280,2,1,354752,275,354752,1717578480
570,166768192,spanish,1717632647,1717632647,1,0,0,0.0,0,0,0,0,1,,76561198964588320,2,1,380004,1177,380003,1717634082
570,166768063,english,1717632441,1717632441,1,0,0,0.0,0,0,0,0,1,,76561198002182576,0,1,163413,1537,163368,1717635148
570,166767995,schinese,1717632325,1717632325,0,0,0,0.0,0,0,0,0,1,,76561198100157088,0,1,191211,1706,191211,1717632154
1172470,167047857,russian,1717970366,1717970366,1,0,0,0.0,0,0,0,0,1,,76561198108863648,106,1,96511,398,96511,1717963491
1172470,167047730,english,1717970249,1717970249,0,0,0,0.0,0,0,0,0,1,,76561199211102000,0,14,610,167,610,1717970012
1172470,167047077,english,1717969539,1717969539,0,0,0,0.0,0,0,0,0,1,,76561198061882896,266,30,1130,222,1130,1717905659
1172470,167046965,french,1717969403,1717969403,1,0,0,0.0,0,0,0,0,1,,76561199502887200,0,4,1019,0,1019,1706730179
1172470,167046894,english,1717969350,1717969350,1,0,0,0.0,0,0,0,0,1,,76561198242984640,0,2,55083,290,55055,1717971030
1172470,130431281,russian,1673185322,1717969327,0,1,0,0.0,0,0,1,0,1,,76561198423916256,0,34,22418,744,22414,1717970380
1172470,135736456,english,1680180278,1717969254,1,0,0,0.0,0,0,0,0,1,,76561198084248176,33,2,14890,715,14860,1717972744
1172470,167046766,french,1717969214,1717969214,0,0,0,0.0,0,0,0,0,1,,76561198326483632,70,2,25322,1221,25322,1717969178
1172470,167046593,english,1717969024,1717969024,1,0,0,0.0,0,0,0,0,1,,76561198276768272,67,1,2294,90,2273,1717973319
1172470,167046493,spanish,1717968915,1717968915,1,0,0,0.0,0,0,0,0,1,,76561198412057920,0,3,27,0,27,1613768140
1172470,167045953,turkish,1717968335,1717968335,1,0,0,0.0,0,0,0,0,1,,76561198191843760,337,97,54,0,54,1712599295
1172470,167019474,german,1717944230,1717967841,0,0,0,0.0,0,0,0,0,1,,76561199422949616,2,2,9,7,9,1717268778
1172470,167045394,turkish,1717967720,1717967720,0,0,0,0.0,0,0,0,0,1,,76561198971225296,31,4,2707,1892,2707,1717967698
1172470,94167124,english,1624371019,1717967445,1,0,0,0.0,0,0,0,0,0,,76561199121129184,0,4,73266,1846,73237,1717971887
1172470,144758907,english,1692665228,1717967241,0,1,0,0.52173912525177,0,0,1,0,1,,76561199098891504,79,8,2370,90,2353,1717971872
1172470,167044788,english,1717967091,1717967091,0,1,0,0.0,0,0,0,0,1,,76561198020874432,78,12,173,0,173,1624229010
1172470,167044742,ukrainian,1717967050,1717967050,0,0,0,0.0,0,0,0,0,1,,76561199003782256,56,7,596,293,596,1717966084
1172470,167044703,english,1717967014,1717967014,1,0,0,0.0,0,0,0,0,1,,76561199233087408,0,4,7002,2020,6997,1717971650
1172470,167044524,schinese,1717966826,1717966826,1,0,0,0.0,0,0,0,0,1,,76561199081444912,1,1,1462,776,1329,1717973104
1172470,167044267,koreana,1717966558,1717966558,0,0,0,0.0,0,0,0,0,1,,76561198278808608,32,1,17650,0,17650,1712512081
1172470,167044129,english,1717966424,1717966424,1,0,0,0.0,0,0,0,0,1,,76561198984587760,67,2,13944,99,13944,1717965551
1172470,167043848,turkish,1717966151,1717966151,1,0,0,0.0,0,0,0,0,1,,76561198299801920,67,10,8958,2214,8958,1717948735
1172470,167043052,russian,1717965400,1717965771,1,0,1,0.0,0,0,0,0,1,,76561199376182016,0,4,23644,1671,23644,1717964793
1172470,167043140,schinese,1717965473,1717965473,1,0,0,0.0,0,0,0,0,1,,76561199215413696,61,4,135450,3540,135426,1717965517
1172470,167043137,russian,1717965469,1717965469,1,0,0,0.0,0,0,1,0,1,,76561198857499552,20,22,398,398,398,1717965402
1172470,167042060,tchinese,1717964455,1717964455,0,0,0,0.0,0,0,0,0,1,,76561198174069520,24,4,27274,2461,27183,1717970038
1172470,167041308,english,1717963716,1717963716,0,0,0,0.0,0,0,0,0,1,,76561199101966672,0,4,60233,1038,60051,1717973050
1172470,90700609,spanish,1619040581,1717963647,0,0,0,0.0,0,0,0,0,0,,76561198100352128,91,7,57699,2425,57699,1717963527
1172470,167041067,russian,1717963490,1717963490,1,0,0,0.0,0,0,0,0,1,,76561198360776880,57,1,37686,1699,37686,1717961547
1172470,167040984,russian,1717963404,1717963404,0,0,0,0.0,0,0,0,0,1,,76561199101079840,40,2,2934,143,2876,1717972008
1172470,167040618,ukrainian,1717963050,1717963050,1,0,0,0.0,0,0,0,0,1,,76561198131999936,0,1,56023,4130,55932,1717971657
1172470,100870937,english,1633911568,1717962792,0,0,0,0.5634920597076416,0,0,0,0,1,,76561198144299056,922,25,108140,111,108059,1717972087
1172470,167040172,english,1717962659,1717962659,1,0,0,0.0,0,0,0,0,1,,76561199448655600,30,4,1863,1289,1863,1717585514
1172470,80009036,polish,1606344558,1717962654,1,1,1,0.5238095521926879,0,0,0,0,0,,76561198870221152,130,2,24433,238,24433,1717944132
1172470,167040059,russian,1717962553,1717962553,1,0,0,0.0,0,0,0,0,1,,76561198307329392,127,3,43765,1077,43765,1717618829
1172470,167040012,russian,1717962500,1717962500,0,0,0,0.0,0,0,0,0,1,,76561198196358992,0,4,50974,3564,50941,1717964412
1172470,167039885,french,1717962366,1717962366,1,0,0,0.0,0,0,1,0,1,,76561198869615600,22,2,618,376,618,1717962032
1172470,153514181,schinese,1702481412,1717962200,0,0,0,0.0,0,0,0,0,1,,76561198848042736,96,4,51295,568,51295,1717774787
1172470,133341321,schinese,1677040106,1717962128,1,0,0,0.0,0,0,0,0,1,,76561198281956800,0,2,96743,0,96743,1713911350
1172470,167039188,russian,1717961726,1717961726,1,0,0,0.0,0,0,0,0,1,,76561199528672320,0,34,78,0,78,1691607268
1172470,118076405,polish,1656783822,1717961694,1,0,0,0.0,0,0,0,0,0,,76561199131649536,0,3,3293,514,3269,1717963402
1172470,167038708,english,1717961284,1717961284,1,0,0,0.0,0,0,0,0,1,,76561198970277888,23,2,1390,0,1390,1710103564
1172470,167038399,french,1717961009,1717961009,1,0,0,0.0,0,0,0,0,1,,76561199040639408,0,5,4690,403,4636,1717963058
1172470,167037989,schinese,1717960671,1717960671,1,0,0,0.0,0,0,0,0,1,,76561199520121040,0,1,25191,952,24979,1717971848
1172470,167014880,english,1717940100,1717960606,1,0,0,0.0,1,0,0,0,1,,76561198138909504,0,18,40108,0,40108,1714601057
1172470,167037778,german,1717960501,1717960501,1,0,0,0.0,0,0,1,0,1,,76561199188628880,0,1,2472,620,2376,1717965455
1172470,167037695,latam,1717960423,1717960423,1,0,0,0.0,0,0,0,0,1,,76561199305021600,37,8,412,386,334,1717973049
1172470,167037344,japanese,1717960131,1717960131,0,0,0,0.0,0,0,0,0,1,,76561199467648160,0,1,105992,989,105964,1717963383
1172470,167037156,schinese,1717959942,1717959942,0,0,0,0.0,0,0,0,0,1,,76561198364809264,63,3,7625,2530,7625,1717959828
1172470,161602678,russian,1711567350,1717959904,0,0,0,0.0,0,0,0,0,1,,76561198048732048,0,18,45824,691,45731,1717964634
1172470,167037025,english,1717959821,1717959821,0,2,0,0.5329087376594543,0,0,0,0,1,,76561199673049904,0,1,18128,2113,17940,1717971954
1172470,167036996,dutch,1717959790,1717959790,0,0,0,0.0,0,0,0,0,1,,76561199168752384,5,1,5768,1049,5668,1717965761
1172470,102724549,english,1636826601,1717958909,1,0,0,0.0,0,0,0,0,0,,76561198216458592,97,8,30564,2719,30351,1717971811
1172470,167035999,english,1717958869,1717958869,1,0,0,0.0,0,0,0,0,1,,76561199558048608,0,1,245,0,245,1715796862
1172470,167035812,russian,1717958691,1717958691,0,0,0,0.0,0,0,0,0,1,,76561198385400928,0,7,228,228,228,1717958242
1172470,139478607,ukrainian,1685797252,1717958630,0,0,0,0.4712584316730499,0,0,1,0,1,,76561198403034352,0,5,2292,0,2292,1692955049
1172470,167035321,russian,1717958187,1717958187,1,0,0,0.0,0,0,0,0,1,,76561198324105152,39,1,93654,4177,93654,1717957277
1172470,167035063,schinese,1717957935,1717957935,0,0,0,0.0,0,0,1,0,1,,76561198965412688,9,1,9583,1277,9583,1717957300
1172470,101246326,german,1634560835,1717957908,0,0,0,0.0,0,0,0,0,0,,76561198969446064,0,10,14327,0,14327,1707921967
1172470,167034971,brazilian,1717957856,1717957856,1,0,0,0.0,0,0,0,0,1,,76561198335589056,26,2,748,516,637,1717972839
1172470,167033872,turkish,1717956818,1717957840,0,0,1,0.0,0,0,0,0,1,,76561199221362240,0,3,13692,256,13673,1717959863
1172470,167034861,english,1717957748,1717957748,1,0,0,0.0,0,0,0,0,1,,76561198850928400,0,6,27638,1694,27638,1717957504
1172470,121061922,english,1661190726,1717957676,1,1,0,0.52173912525177,0,0,0,0,1,,76561199232896048,37,9,62365,2968,62264,1717967988
1172470,167034627,russian,1717957528,1717957528,1,0,0,0.0,0,0,0,0,1,,76561199640647584,0,3,452,452,284,1717967248
1172470,167034067,english,1717957003,1717957003,0,0,0,0.0,0,0,0,0,1,,76561199525039856,0,1,8052,2006,8052,1717956983
1172470,167033910,schinese,1717956850,1717956850,1,0,0,0.0,0,0,0,0,1,,76561199479788928,0,1,26819,1908,26552,1717972966
1172470,167033903,english,1717956847,1717956847,1,0,0,0.0,0,0,0,0,1,,76561198151272272,73,42,271,271,271,1717956821
1172470,167033638,english,1717956597,1717956597,1,0,0,0.0,0,0,0,0,1,,76561199588756704,8,1,4728,3423,4685,1717961899
1172470,167033494,english,1717956464,1717956464,1,0,0,0.0,0,0,0,0,1,,76561199316760288,0,3,2040,100,1939,1717971026
1172470,86215228,english,1612803357,1717956249,0,0,0,0.0,0,0,1,0,0,,76561198889399232,0,19,31983,0,31983,1660858167
1172470,167032809,english,1717955812,1717955812,0,0,0,0.0,0,0,0,0,1,,76561198211216816,0,4,9332,13,9332,1717955739
1172470,167032476,german,1717955511,1717955511,1,0,0,0.0,0,0,0,0,1,,76561199227008784,24,4,1731,53,1731,1717954787
1172470,167032294,english,1717955338,1717955338,1,0,0,0.0,0,0,0,0,1,,76561199564765440,0,8,894,15,894,1717954875
1172470,167032100,english,1717955161,1717955161,1,0,0,0.0,0,0,0,0,1,,76561199489553824,0,9,1092,0,1092,1715993580
1172470,167032066,english,1717955130,1717955130,1,0,0,0.0,0,0,0,0,1,,76561198159335536,13,4,8841,1295,8688,1717970968
1172470,167032050,schinese,1717955118,1717955118,0,0,0,0.0,0,0,0,0,1,,76561198261312160,84,2,64098,207,63983,1717962142
1172470,167031541,polish,1717954643,1717954643,0,0,0,0.0,0,0,0,0,1,,76561199493974704,14,5,29,0,29,1696061458
1172470,167031067,russian,1717954200,1717954200,1,0,0,0.0,0,0,0,0,1,,76561198984715040,28,3,41218,19,41199,1717955361
1172470,167030862,russian,1717954004,1717954004,1,0,0,0.0,0,0,1,0,1,,76561199210543088,6,4,1007,260,963,1717970082
1172470,167030567,schinese,1717953703,1717953703,0,1,0,0.5142856836318969,0,0,0,0,1,,76561198978839168,139,1,12154,99,12115,1717955843
1172470,167029339,english,1717952567,1717952567,1,0,0,0.0,0,0,1,0,1,,76561199194805360,0,1,26291,5140,26227,1717957127
1172470,167029322,english,1717952551,1717952551,0,0,0,0.4761904776096343,0,0,0,0,1,,76561199148677408,0,2,21204,3854,21052,1717961583
1172470,167029202,french,1717952454,1717952454,1,0,0,0.0,0,0,0,0,1,,76561198308397328,30,11,16721,71,16721,1717851906
1172470,167029109,swedish,1717952370,1717952370,1,0,0,0.0,0,0,0,0,1,,76561199180937888,0,2,36997,3559,36997,1717952288
1172470,167028568,schinese,1717951940,1717951940,1,0,0,0.0,0,0,0,0,1,,76561199442833232,0,4,394,365,340,1717963029
1172470,167028449,schinese,1717951841,1717951841,0,0,0,0.0,0,0,0,0,1,,76561199404609120,35,3,84055,950,84055,1717950233
1172470,85857883,koreana,1612320498,1717951632,0,0,0,0.0,0,0,0,0,1,,76561198386007792,0,11,138278,1432,138278,1717922085
1172470,98584596,english,1630446743,1717951611,1,0,1,0.0,0,0,1,0,0,,76561198118789856,0,12,18341,816,18341,1717949736
1172470,167028100,russian,1717951547,1717951547,1,0,0,0.0,0,0,1,0,1,,76561198448339728,0,1,1240,1240,1024,1717970835
1172470,91469045,turkish,1620208627,1717951502,0,0,0,0.0,0,0,0,0,0,,76561198357693248,132,43,18995,3570,18958,1717953121
1172470,167028038,brazilian,1717951495,1717951495,1,0,0,0.0,0,0,0,0,1,,76561198067382784,57,6,3123,139,2983,1717965008
1172470,167027997,english,1717951450,1717951450,1,0,0,0.0,0,0,0,0,1,,76561199681784448,0,2,210,63,189,1717952703
1172470,167027835,schinese,1717951328,1717951328,1,0,0,0.0,0,0,0,0,1,,76561199690056576,0,3,2350,2350,2350,1717412325
1172470,167027745,schinese,1717951257,1717951257,0,0,0,0.0,0,0,0,0,1,,76561198154181264,6,2,22917,2310,22917,1717949961
1172470,167027370,english,1717950934,1717950934,1,0,0,0.0,0,0,0,0,1,,76561198957521024,0,7,2562,1094,2461,1717969369
1172470,167027349,schinese,1717950916,1717950916,1,0,0,0.0,0,0,0,0,1,,76561199689041776,0,3,2374,2374,2374,1717412321
1172470,167027215,english,1717950810,1717950810,0,0,0,0.0,0,0,0,0,1,,76561199083141744,0,2,263,0,263,1628603966
1172470,167026516,english,1717950200,1717950200,0,1,0,0.5075757503509521,0,0,0,0,1,,76561198091681472,43,5,3241,2145,3160,1717953604
1172470,167026417,schinese,1717950118,1717950118,0,0,0,0.0,0,0,0,0,1,,76561199252786048,3,1,43440,1779,43440,1717950086
1172470,167026364,russian,1717950084,1717950084,1,0,0,0.0,0,0,0,0,1,,76561199104815872,0,3,2850,2218,2850,1717938811
1172470,126779101,koreana,1669366529,1717949972,0,0,0,0.0,0,0,0,0,1,,76561198880009376,0,9,94213,0,94213,1702630991
1172470,167026019,brazilian,1717949813,1717949813,1,0,0,0.0,0,0,0,0,1,,76561199108844048,0,1,167580,899,167407,1717960245
1172470,167025968,schinese,1717949767,1717949767,0,0,0,0.0,0,0,0,0,1,,76561199512647312,0,1,46311,136,46311,1717512768
1172470,167025818,russian,1717949628,1717949628,1,0,0,0.0,0,0,0,0,1,,76561198935618944,51,12,3085,1120,3085,1717852943
1172470,167025800,russian,1717949609,1717949609,1,0,0,0.0,0,0,0,0,1,,76561199184961488,56,8,2363,486,2363,1717948705
1172470,167025697,english,1717949536,1717949536,1,0,0,0.0,0,0,0,0,1,,76561199081209968,0,1,17378,185,17352,1717950888
1172470,160232638,brazilian,1710042676,1717949535,1,0,0,0.0,0,0,0,0,1,,76561198807944016,47,23,5521,12,5521,1717209856
1172470,167025562,schinese,1717949427,1717949427,1,0,0,0.0,0,0,0,0,1,,76561199271354736,24,4,3031,1770,3031,1717949318
1172470,167025554,english,1717949421,1717949421,1,0,0,0.0,0,0,0,0,1,,76561198060803840,0,1,43838,438,43636,1717962698
1172470,167025314,english,1717949192,1717949192,0,0,0,0.0,0,0,0,0,1,,76561199135598176,59,8,1056,0,1056,1709603875
1172470,88203127,russian,1615399996,1717949040,0,0,0,0.0,0,0,0,0,0,,76561198040626016,0,18,49472,929,49472,1717949007
1172470,167025125,russian,1717949011,1717949011,1,0,0,0.0,0,0,0,0,1,,76561198272598048,241,2,90452,1193,90307,1717965155
1172470,167024994,tchinese,1717948897,1717948897,0,0,0,0.0,0,0,0,0,1,,76561198861803440,0,2,123583,1482,123452,1717955791
1172470,167023266,japanese,1717947421,1717948749,1,1,0,0.5121951103210449,0,0,0,0,1,,76561199469280400,0,2,39773,808,39773,1717947397
1172470,167024815,italian,1717948746,1717948746,0,0,0,0.0,0,0,0,0,1,,76561198088402448,5,2,57861,1307,57805,1717958167
1172470,167024542,french,1717948497,1717948497,1,0,0,0.0,0,0,0,0,1,,76561199033335280,0,7,25682,1211,25508,1717973090
1172470,167024210,schinese,1717948192,1717948326,0,0,0,0.0,0,0,0,0,1,,76561198815399680,49,1,79526,313,79526,1717947363
1172470,167023952,russian,1717947981,1717947981,1,0,0,0.0,0,0,1,0,1,,76561199222005968,0,1,26725,61,26703,1717951707
1172470,167023868,english,1717947904,1717947904,0,0,0,0.0,0,0,0,0,1,,76561198272881360,0,11,36455,1888,36455,1717947755
1172470,167023780,schinese,1717947830,1717947830,1,0,0,0.0,0,0,0,0,1,,76561198816064000,0,1,27286,0,27286,1713709175
1172470,167023340,english,1717947491,1717947491,1,0,0,0.0,0,0,0,0,1,,76561198025886032,0,39,20920,2219,20800,1717969744
1172470,167023216,finnish,1717947374,1717947374,1,0,0,0.0,0,0,0,0,1,,76561198083518768,0,1,1441,0,1441,1696947000
1172470,167022931,swedish,1717947135,1717947135,1,0,0,0.0,0,0,0,0,1,,76561199083259264,0,4,8274,2941,8033,1717964169
1172470,167022891,russian,1717947106,1717947106,1,0,0,0.0,0,0,0,0,1,,76561199563724816,3,1,3920,1541,3826,1717952716
1172470,167022884,russian,1717947102,1717947102,1,0,0,0.0,0,0,0,0,1,,76561198925906656,75,8,12302,0,12302,1699193505
1172470,167022816,schinese,1717947050,1717947050,0,0,0,0.0,0,0,0,0,1,,76561198813820688,55,1,97103,1596,97103,1717946899
1172470,167022666,polish,1717946943,1717946943,0,0,0,0.0,0,0,0,0,1,,76561199132482384,60,4,2219,1537,1933,1717967359
1172470,167022247,english,1717946577,1717946577,1,0,0,0.0,0,0,0,0,1,,76561199233043136,0,1,30826,2601,30826,1717898792
1172470,167022128,schinese,1717946487,1717946487,1,0,0,0.0,0,0,0,0,1,,76561199195793712,44,8,50192,21,50192,1717946445
1172470,167022017,russian,1717946391,1717946391,1,0,0,0.0,0,0,0,0,1,,76561198404860384,14,7,8080,0,8080,1704635701
1172470,167022000,english,1717946374,1717946374,0,0,0,0.0,0,0,0,0,1,,76561199217837072,0,3,10205,1086,9964,1717960729
1172470,167021987,english,1717946364,1717946364,1,0,0,0.0,0,0,0,0,1,,76561198863780912,0,1,27954,141,27908,1717949175
1172470,148537739,schinese,1697805680,1717946326,0,0,0,0.0,0,0,0,0,1,,76561198993960640,0,5,71927,1629,71927,1717950433
1172470,140512335,schinese,1687460244,1717946316,0,0,0,0.0,0,0,0,0,1,,76561198144494928,336,39,52887,1099,52813,1717960624
1172470,167021527,thai,1717945991,1717945991,1,0,0,0.0,0,0,0,0,1,,76561198394786464,0,2,75033,319,75033,1717942548
1172470,167021412,russian,1717945892,1717945892,1,0,0,0.0,0,0,0,0,1,,76561199520331632,0,3,6040,205,5835,1717964569
1172470,163084961,english,1713418146,1717945534,1,0,0,0.0,0,0,0,0,1,,76561198880486144,0,4,9702,1003,9702,1717944893
1172470,167020973,schinese,1717945522,1717945522,1,0,0,0.0,0,0,0,0,1,,76561199575707632,0,1,8269,531,8214,1717951468
1172470,167020741,schinese,1717945340,1717945340,1,0,0,0.0,0,0,1,0,1,,76561199643208640,3,3,350,250,302,1717951831
1172470,167020704,russian,1717945313,1717945313,1,0,0,0.0,0,0,1,0,1,,76561198206674176,32,5,1506,504,1332,1717955229
1172470,167020253,schinese,1717944930,1717944930,0,0,0,0.0,0,0,0,0,1,,76561199532735760,30,4,21638,484,21600,1717947384
1172470,167020000,schinese,1717944713,1717944713,1,0,0,0.0,0,0,0,0,1,,76561198841523088,12,4,139338,2313,139155,1717955754
1172470,167019893,schinese,1717944625,1717944625,1,0,0,0.0,0,0,0,0,1,,76561198889239936,26,2,61846,890,61846,1717832331
1172470,153121953,schinese,1702042341,1717944528,0,0,0,0.0,0,0,0,0,1,,76561199067211440,58,10,42604,2142,42604,1717942624
1172470,167019767,schinese,1717944511,1717944511,0,0,0,0.0,0,0,0,0,1,,76561198135329968,56,1,13588,293,13472,1717951526
1172470,167019677,schinese,1717944429,1717944429,1,0,0,0.0,0,0,0,0,1,,76561199470278592,9,3,2543,15,2528,1717945493
1172470,153250217,russian,1702162926,1717944382,1,0,1,0.0,0,0,0,0,1,,76561199112181616,108,1,29685,1022,29647,1717961221
1172470,167019553,schinese,1717944312,1717944312,0,0,0,0.0,0,0,0,0,1,,76561198860711440,33,5,113643,817,113643,1717768673
1172470,167019284,schinese,1717944050,1717944050,0,0,0,0.0,0,0,0,0,1,,76561199342653424,0,2,46337,233,46337,1717573269
1172470,167019241,swedish,1717944017,1717944017,1,0,0,0.0,0,0,0,0,1,,76561199183284576,5,3,17337,269,17067,1717973367
1172470,148147733,schinese,1697218613,1717943928,1,0,0,0.0,0,0,0,0,1,,76561199507500352,4,1,25305,1661,25250,1717949188
1172470,167019137,schinese,1717943926,1717943926,0,0,0,0.0,0,0,0,0,1,,76561198338058592,0,3,53040,0,53040,1715148281
1172470,167018880,schinese,1717943707,1717943707,0,0,0,0.0,0,0,0,0,1,,76561198145794144,172,4,70357,302,70357,1717910882
1172470,167018858,schinese,1717943693,1717943693,0,0,0,0.0,0,0,0,0,1,,76561198845508608,76,3,42450,39,42449,1717943772
1172470,167018791,english,1717943621,1717943621,1,0,0,0.0,0,0,0,0,1,,76561198095727552,26,3,66430,0,66430,1716762634
1172470,165173739,english,1715466017,1717943523,1,0,0,0.0,0,0,0,0,1,,76561199053238688,0,4,4259,615,4118,1717963063
1172470,167018584,schinese,1717943465,1717943465,1,0,0,0.0,0,0,0,0,1,,76561199518923248,2,1,125,0,125,1709265283
1172470,118783284,schinese,1657774532,1717943116,0,2,0,0.5454545617103576,0,0,0,0,0,,76561198450468192,0,1,29902,507,29816,1717948234
1172470,151722797,schinese,1700877491,1717943001,1,0,0,0.0,0,0,0,0,1,,76561198817593120,20,4,14356,295,14356,1717942713
1172470,167017761,english,1717942748,1717942748,1,0,0,0.0,0,0,1,0,1,,76561199460582048,0,4,4358,1264,4358,1717930424
1172470,167017757,schinese,1717942743,1717942743,0,0,0,0.0,0,0,1,0,1,,76561198846588800,43,2,67925,815,67881,1717945476
1172470,110066238,english,1644678598,1717942621,1,0,0,0.0,0,0,0,0,1,,76561199083362160,86,24,70763,0,70763,1716652693
1172470,167017539,schinese,1717942529,1717942529,1,0,0,0.0,0,0,0,0,1,,76561199680364912,11,6,216,23,216,1717835685
1172470,167017528,schinese,1717942520,1717942520,1,0,0,0.0,0,0,0,0,1,,76561199337956736,12,1,33433,3160,33297,1717959020
1172470,167017501,english,1717942494,1717942494,1,0,0,0.0,0,0,0,0,1,,76561198109861024,0,5,25025,4101,24682,1717962168
1172470,125568191,english,1668600280,1717942232,0,2,0,0.5038119554519653,0,0,0,0,1,,76561198092135872,350,25,12,0,12,1624880094
1172470,167016889,schinese,1717941903,1717941903,0,0,0,0.0,0,0,0,0,1,,76561199194544336,6,1,6601,2862,6303,1717961097
1172470,167016871,schinese,1717941886,1717941886,0,0,0,0.0,0,0,0,0,1,,76561199020287648,21,5,32415,1428,32415,1717774227
1172470,167016814,thai,1717941839,1717941839,0,0,0,0.0,0,0,1,0,1,,76561198833811280,0,1,113130,115,113083,1717943294
1172470,167016549,schinese,1717941614,1717941614,0,0,0,0.0,0,0,0,0,1,,76561198283355360,0,3,96185,1783,96185,1717941582
1172470,167016451,schinese,1717941519,1717941519,1,0,0,0.0,0,0,1,0,1,,76561199008136608,0,3,13401,1369,13385,1717942610
1172470,167016421,schinese,1717941496,1717941496,0,0,0,0.0,0,0,0,0,1,,76561198359742368,43,1,49283,928,49283,1717941430
1172470,166998967,turkish,1717922519,1717941454,1,0,0,0.0,0,0,0,0,1,,76561199385327584,0,11,104,92,12,1717962026
1172470,162953853,spanish,1713218710,1717941390,0,0,0,0.0,0,0,0,0,1,,76561199145758048,31,3,7339,166,7339,1717941347
1172470,148013362,english,1697006431,1717941303,0,0,0,0.0,0,0,0,0,1,,76561198386604784,549,2,114403,1968,114219,1717951438
1172470,133588576,schinese,1677339597,1717941275,0,1,0,0.513043463230133,0,0,0,0,1,,76561199384869856,98,3,40356,1207,40203,1717949167
1172470,167016167,schinese,1717941266,1717941266,0,0,0,0.0,0,0,0,0,1,,76561198813897328,12,1,77198,5604,77079,1717963284
1172470,167016058,schinese,1717941153,1717941153,0,0,0,0.0,0,0,0,0,1,,76561198986142704,11,1,8748,4424,8699,1717944240
1172470,167015992,russian,1717941094,1717941094,1,0,0,0.0,0,0,0,0,1,,76561198371410944,72,9,10307,2058,10127,1717960893
1172470,167015758,russian,1717940896,1717940896,0,0,0,0.4858299493789672,0,0,0,0,1,,76561198959299936,0,28,3724,1422,3486,1717961721
1172470,167015610,schinese,1717940765,1717940765,0,0,0,0.0,0,0,1,0,1,,76561199238789024,32,22,464,25,458,1717941093
1172470,167015581,spanish,1717940742,1717940742,1,0,0,0.0,0,0,0,0,1,,76561199069040144,30,4,28893,1491,28893,1717916057
1172470,167015331,japanese,1717940516,1717940516,0,1,0,0.5121951103210449,0,0,0,0,1,,76561199114331984,0,1,5747,37,5709,1717943562
1172470,136512069,schinese,1681198864,1717940198,0,0,0,0.0,0,0,0,0,1,,76561198961184672,47,2,148651,2847,148516,1717951158
1172470,167014951,schinese,1717940168,1717940168,1,0,0,0.0,0,0,1,0,1,,76561199528978624,0,2,29633,81,29633,1717824416
1172470,130397609,schinese,1673145335,1717940086,1,0,0,0.0,0,0,0,0,1,,76561199257529744,96,2,131173,600,131173,1717939807
1172470,167014768,italian,1717939990,1717939990,1,0,0,0.0,0,0,0,0,1,,76561199549257568,0,2,820,573,748,1717955628
1172470,167014693,schinese,1717939919,1717939919,0,0,0,0.0,0,0,0,0,1,,76561198959826128,28,4,15523,916,15444,1717943884
1172470,167014569,russian,1717939788,1717939788,0,0,0,0.4801587164402008,0,0,0,0,1,,76561198442339584,26,5,11125,30,11120,1717954807
1172470,167014502,schinese,1717939711,1717939711,0,0,0,0.0,1,0,0,0,1,,76561199465704640,0,1,295,295,290,1717944356
1172470,167014233,schinese,1717939476,1717939476,0,0,0,0.0,0,0,0,0,1,,76561199212000800,18,1,43391,252,43391,1717926596
1172470,167014134,schinese,1717939375,1717939375,0,0,0,0.0,0,0,0,0,1,,76561199033521200,142,7,21148,178,21148,1717939182
1172470,167013954,schinese,1717939201,1717939201,1,0,0,0.0,0,0,0,0,1,,76561198412676016,7,2,4257,3293,4073,1717948666
1172470,167013801,schinese,1717939045,1717939045,0,0,0,0.0,0,0,0,0,1,,76561198091399680,23,2,76854,4162,76839,1717939955
1172470,167013700,french,1717938945,1717938945,1,0,0,0.0,0,0,0,0,1,,76561199012218192,25,1,7900,171,7832,1717942914
1172470,167013623,swedish,1717938877,1717938877,0,0,0,0.0,0,0,0,0,1,,76561199132644528,0,7,107217,30,107212,1717958046
1172470,130957936,schinese,1673856702,1717938849,1,0,0,0.0,0,0,0,0,1,,76561198345307296,132,11,55672,105,55655,1717939453
1172470,167013548,schinese,1717938804,1717938804,0,0,0,0.0,0,0,0,0,1,,76561198971174032,96,2,131265,710,131265,1717915830
1172470,167013507,schinese,1717938762,1717938762,0,0,0,0.0,0,0,0,0,1,,76561199136226608,50,2,13213,3,13213,1717938566
1172470,167013446,schinese,1717938698,1717938698,0,0,0,0.0,0,0,0,0,1,,76561198297807792,22,1,50684,50,50665,1717939917
578080,167085096,schinese,1718024159,1718024159,1,0,0,0.0,0,0,0,0,1,,76561199402397520,0,1,20544,157,20513,1718025974
578080,167085090,schinese,1718024153,1718024153,1,0,0,0.0,0,0,0,0,1,,76561199219338256,0,1,1300,916,1270,1718026022
578080,167085008,schinese,1718024064,1718024064,0,0,0,0.0,0,1,0,0,1,,76561199208374304,0,1,86544,746,86513,1718025856
578080,167083530,russian,1718022128,1718024048,0,0,0,0.0,0,0,0,0,1,,76561199121709200,0,5,2562,1,2562,1718026408
578080,167084941,schinese,1718023978,1718023978,1,0,0,0.0,0,0,0,0,1,,76561199598634000,0,4,134,0,134,1716532940
578080,166936863,russian,1717854401,1718023743,1,0,0,0.0,0,0,1,0,1,,76561199029123488,0,4,950,105,950,1718017470
578080,167084717,schinese,1718023684,1718023684,1,0,0,0.0,0,0,0,0,1,,76561199115605104,4,1,110962,1939,110962,1718020903
578080,167084713,russian,1718023683,1718023683,1,0,0,0.0,0,0,0,0,1,,76561198846081552,42,2,223324,1600,223305,1718024941
578080,167084614,schinese,1718023571,1718023571,1,0,0,0.0,0,1,0,0,1,,76561198287466176,18,1,100916,3766,100886,1718025341
578080,167084521,schinese,1718023447,1718023447,1,0,0,0.0,0,0,0,0,1,,76561199016699616,0,1,363,363,333,1718025268
578080,167084479,schinese,1718023394,1718023394,1,0,0,0.0,0,0,0,0,1,,76561199625347408,0,1,13243,1842,13211,1718025277
578080,167084456,schinese,1718023368,1718023368,1,0,0,0.0,0,0,0,0,1,,76561199599111232,0,3,101,1,101,1718023396
578080,167084433,schinese,1718023329,1718023329,0,0,0,0.0,0,0,0,0,1,,76561199427150240,9,1,18340,2191,18310,1718025105
578080,167084390,russian,1718023282,1718023282,1,0,0,0.0,0,0,0,0,1,,76561199231486512,15,9,707,228,707,1717953713
578080,167084372,schinese,1718023265,1718023265,0,0,0,0.0,0,0,0,0,1,,76561199701343232,0,1,511,511,511,1718021890
578080,167084338,english,1718023220,1718023220,1,0,0,0.0,0,0,0,0,1,,76561199097169152,38,20,948,970,935,1718024082
578080,167084307,russian,1718023176,1718023176,0,0,0,0.0,0,0,1,0,1,,76561198880889504,0,2,12053,24,12053,1718023141
578080,167084306,english,1718023176,1718023176,1,0,0,0.0,0,1,0,0,1,,76561198795847648,0,1,35181,1647,35181,1718025501
578080,167084273,russian,1718023136,1718023136,1,0,0,0.0,0,0,0,0,1,,76561199345191936,0,1,60242,1674,60212,1718024879
578080,167084272,schinese,1718023131,1718023131,1,0,0,0.0,0,0,0,0,1,,76561199681266848,0,1,5763,2110,5733,1718024883
578080,167084256,schinese,1718023112,1718023112,1,0,0,0.0,0,1,0,0,1,,76561198117431968,2,1,101064,789,101017,1718024527
578080,167084215,schinese,1718023056,1718023056,1,0,0,0.0,0,0,0,0,1,,76561199700338208,0,1,419,419,389,1718025130
578080,167084211,schinese,1718023042,1718023042,0,0,0,0.0,0,0,0,0,1,,76561198433227776,0,1,582,277,537,1718025992
578080,167084200,schinese,1718023029,1718023029,1,0,0,0.0,0,0,0,0,1,,76561199598647296,0,3,105,1,105,1718023072
578080,76916540,english,1601651934,1718022804,0,0,0,0.0,0,1,0,0,0,,76561198857052432,0,33,14186,1080,14186,1718022799
578080,167084012,tchinese,1718022776,1718022776,1,0,0,0.0,0,1,0,0,1,,76561199041611008,2,1,61229,4326,61168,1718026445
578080,167083971,schinese,1718022725,1718022725,1,0,0,0.4561403691768646,0,0,0,0,1,,76561199598679504,0,4,97,0,97,1716290988
578080,167082694,ukrainian,1718021015,1718022699,1,0,0,0.0,0,0,0,0,1,,76561199261882464,0,2,231,56,223,1718022880
578080,167083880,schinese,1718022573,1718022573,0,0,0,0.0,0,0,0,0,1,,76561199605227216,0,1,3684,3462,3684,1718015874
578080,167083786,english,1718022455,1718022455,1,0,0,0.0,0,0,0,0,1,,76561198237232592,0,1,32212,3850,32151,1718025983
578080,149545577,russian,1699135657,1718022287,0,0,0,0.0,0,0,0,0,1,,76561198962537728,9,2,968,57,968,1717458052
578080,167083638,ukrainian,1718022263,1718022263,0,0,0,0.0,0,0,0,0,1,,76561198829709360,109,26,516,0,516,1642236063
578080,166864646,ukrainian,1717766581,1718022079,0,0,0,0.0,0,0,1,0,1,,76561198863631552,0,7,1251,650,1248,1718022126
578080,167083487,schinese,1718022075,1718022075,0,0,0,0.0,0,1,0,0,1,,76561198437304896,0,1,232567,1592,232503,1718025899
578080,167083461,schinese,1718022041,1718022041,1,0,0,0.0,0,0,0,0,1,,76561198855824592,0,1,10769,509,10704,1718025920
578080,128644102,english,1671166985,1718022038,0,0,0,0.0,0,1,0,0,1,,76561198451955936,132,29,4129,0,4129,1715441835
578080,125388722,german,1668310961,1718022025,0,0,0,0.0,0,0,0,0,1,,76561199115823584,21,12,450,168,411,1718024383
578080,167083424,schinese,1718021983,1718021983,1,0,0,0.0,0,1,0,0,1,,76561199024726080,2,1,50232,0,50232,1709549838
578080,167083313,russian,1718021834,1718021834,1,0,0,0.0,0,0,0,0,1,,76561199162813696,53,4,13586,10,13575,1718021875
578080,167083196,schinese,1718021691,1718021691,0,0,0,0.0,0,0,0,0,1,,76561199367308176,0,1,606,582,545,1718025289
578080,167083170,turkish,1718021655,1718021655,0,0,0,0.0,0,0,0,0,1,,76561198958908096,28,8,719,413,719,1717708298
578080,167083119,schinese,1718021584,1718021584,0,0,0,0.0,0,0,0,0,1,,76561199262634912,3,3,4119,174,4059,1718025181
578080,40430462,tchinese,1519707369,1718021441,0,3,2,0.5313115715980529,1,0,0,0,0,,76561198155272592,42,1,99653,89,99591,1718025153
578080,167082995,schinese,1718021415,1718021415,1,0,0,0.0,0,1,0,0,1,,76561198447184464,0,1,307,12,295,1718022119
578080,167082951,italian,1718021358,1718021358,1,0,0,0.0,0,0,0,0,1,,76561199531309504,0,3,49,46,49,1717923480
578080,125966031,russian,1669143059,1718021176,1,0,0,0.0,0,1,0,0,1,,76561198845907504,19,2,124859,1432,124859,1718014549
578080,167082811,schinese,1718021163,1718021163,1,0,0,0.4362416267395019,0,0,0,0,1,,76561199598873488,0,4,37,20,16,1718021185
578080,167082731,schinese,1718021064,1718021064,0,0,0,0.0,0,0,0,0,1,,76561198925684592,0,2,36278,2796,36218,1718024740
578080,167082625,schinese,1718020928,1718020928,0,0,0,0.0,0,0,0,0,1,,76561199416291072,0,1,21966,1641,21898,1718024916
578080,167082566,schinese,1718020852,1718020852,1,0,0,0.0,0,0,0,0,1,,76561199480094928,0,1,85260,4551,85168,1718026491
578080,167082546,schinese,1718020823,1718020823,1,0,0,0.0,0,1,0,0,1,,76561198825840608,6,1,70515,1733,70425,1718026293
578080,76643575,english,1601193697,1718020773,0,0,0,0.0,0,1,0,0,0,,76561198275006992,0,21,440535,2337,440444,1718026173
578080,167082482,schinese,1718020734,1718020734,1,0,0,0.0,0,1,0,0,1,,76561198287015456,28,2,99583,1930,99517,1718025143
578080,167082420,schinese,1718020671,1718020671,1,0,0,0.0,0,1,0,0,1,,76561198929314864,28,1,282339,1034,282339,1717818518
578080,167082371,koreana,1718020605,1718020605,1,0,0,0.0,0,0,1,0,1,,76561199213426752,17,2,2452,351,2446,1718020904
578080,167082309,schinese,1718020521,1718020521,1,0,0,0.0,0,0,0,0,1,,76561199009153824,5,1,84525,1287,84434,1718025981
578080,167082286,schinese,1718020495,1718020495,1,0,0,0.0,0,0,0,0,1,,76561199691834928,2,3,10,10,10,1718018125
578080,167082252,turkish,1718020441,1718020441,0,0,0,0.0,0,0,0,0,1,,76561198978272224,0,7,415,275,389,1718021273
578080,167082204,schinese,1718020365,1718020365,0,0,0,0.0,0,1,0,0,1,,76561198974632096,5,1,235684,4333,235613,1718024955
578080,167082180,schinese,1718020318,1718020318,0,0,0,0.0,0,0,0,0,1,,76561199569627504,17,7,924,0,924,1714746881
578080,167082170,schinese,1718020296,1718020296,1,0,0,0.0,0,0,0,0,1,,76561199592491456,0,1,8560,442,8488,1718024646
578080,167082137,schinese,1718020259,1718020259,0,0,0,0.0,0,0,0,0,1,,76561199470800432,17,2,1023,116,983,1718022619
578080,167082092,schinese,1718020219,1718020219,1,0,0,0.0,0,0,0,0,1,,76561199664625904,0,1,8787,1505,8696,1718025586
578080,167082026,schinese,1718020142,1718020142,1,0,0,0.0,0,1,0,0,1,,76561198819364608,0,1,30846,392,30762,1718025181
578080,167081994,schinese,1718020105,1718020105,1,0,0,0.0,0,0,0,0,1,,76561199684967376,0,1,2292,1779,2287,1718020396
578080,167081899,schinese,1718020010,1718020010,1,0,0,0.0,0,0,0,0,1,,76561199619601728,0,1,8620,1248,8527,1718025497
578080,167081885,russian,1718019993,1718019993,1,0,0,0.0,0,0,0,0,1,,76561199033668352,1,1,1128,927,1033,1718025565
578080,167081871,schinese,1718019960,1718019960,0,0,0,0.0,1,0,0,0,1,,76561199475633488,4,1,2677,234,2671,1718020330
578080,167081821,english,1718019886,1718019886,0,0,0,0.0,0,0,0,0,1,,76561198222301008,0,13,93436,2795,93347,1718026144
578080,167081803,russian,1718019850,1718019850,1,0,0,0.0,0,0,0,0,1,,76561199126521856,1,1,303,114,239,1718023642
578080,167081659,koreana,1718019637,1718019637,0,0,0,0.0,0,1,0,0,1,,76561198302085264,3,1,9068,4,9066,1718019780
578080,167081651,english,1718019620,1718019620,1,0,0,0.4761904776096343,0,0,0,0,1,,76561198838440080,3,1,243154,6527,243055,1718025267
578080,167081636,schinese,1718019598,1718019598,0,0,0,0.0,0,1,0,0,1,,76561198450306160,0,1,53678,731,53675,1718022763
578080,167081628,schinese,1718019592,1718019592,1,0,0,0.0,0,1,0,0,1,,76561198411790256,0,1,46607,2594,46492,1718026433
578080,167081539,koreana,1718019481,1718019481,0,0,0,0.0,0,0,0,0,1,,76561198346912480,0,4,8608,2142,8518,1718025806
578080,124808730,koreana,1667357148,1718019473,1,0,0,0.0,0,1,0,0,1,,76561198119040064,53,2,116841,1110,116837,1718019785
578080,167081440,schinese,1718019349,1718019349,1,0,0,0.0,0,1,0,0,1,,76561198420803536,0,2,3759,760,3694,1718024838
578080,167081397,schinese,1718019288,1718019288,1,0,0,0.0,0,0,0,0,1,,76561199667182848,0,1,544,134,489,1718026320
578080,167081373,russian,1718019256,1718019256,1,0,0,0.0,0,0,0,0,1,,76561199460532256,10,3,974,151,974,1717500568
578080,167081326,schinese,1718019185,1718019185,0,0,0,0.0,0,0,0,0,1,,76561198414533504,0,1,27884,2001,27883,1718019285
578080,167081312,russian,1718019169,1718019169,1,0,0,0.0,0,1,0,0,1,,76561199058584192,0,1,3636,466,3636,1718018391
578080,167081308,russian,1718019162,1718019162,1,0,0,0.0,0,0,1,0,1,,76561199497201856,14,2,4112,1756,4029,1718025685
578080,167081253,schinese,1718019086,1718019086,0,0,0,0.0,0,1,0,0,1,,76561198376637232,11,1,85329,1003,85268,1718022786
578080,167081252,schinese,1718019084,1718019084,0,0,0,0.0,0,1,0,0,1,,76561198415534160,0,1,181298,818,181298,1718018988
578080,167081214,koreana,1718019012,1718019012,1,0,0,0.0,0,1,0,0,1,,76561198268642000,0,1,35691,1361,35570,1718026135
578080,167081183,koreana,1718018962,1718018962,0,0,0,0.0,0,1,0,0,1,,76561198276398704,0,6,7674,0,7674,1645203132
578080,167081120,schinese,1718018858,1718018858,1,0,0,0.0,0,1,0,0,1,,76561199072349488,3,1,233067,2406,232949,1718025208
578080,167081020,english,1718018680,1718018680,1,0,0,0.0,0,0,1,0,1,,76561199539920208,0,2,590,141,500,1718023238
578080,71532952,spanish,1593306892,1718018672,0,0,0,0.0,0,1,0,0,1,,76561198085956976,21,1,143593,1732,143593,1718017670
578080,167080898,schinese,1718018523,1718018523,1,0,0,0.0,0,0,1,0,1,,76561199484472336,6,2,6417,1278,6417,1718018487
578080,167080897,schinese,1718018522,1718018522,1,0,0,0.0,0,0,1,0,1,,76561199553882128,0,1,234,207,194,1718020896
578080,167080751,schinese,1718018338,1718018338,0,0,0,0.0,0,0,0,0,1,,76561199439296080,12,2,2513,1482,2439,1718022258
578080,167080671,schinese,1718018213,1718018213,0,0,0,0.0,0,0,0,0,1,,76561199186382880,0,1,18013,1439,18013,1718018024
578080,167080626,schinese,1718018157,1718018157,0,0,0,0.0,0,0,0,0,1,,76561199477169440,0,1,103574,5487,103544,1718019928
578080,167080609,koreana,1718018132,1718018132,1,0,0,0.0,0,0,0,0,1,,76561199226201600,0,1,2977,1585,2856,1718025360
578080,167080573,schinese,1718018067,1718018067,1,0,0,0.0,0,1,1,0,1,,76561198851468384,0,1,19519,5164,19464,1718021298
578080,167080520,koreana,1718017996,1718017996,1,0,0,0.0,0,0,0,0,1,,76561198990740816,22,4,3367,926,3309,1718025693
578080,167080465,schinese,1718017924,1718017924,1,0,0,0.0,0,0,0,0,1,,76561199216942576,0,1,92781,1404,92660,1718025142
578080,167080452,schinese,1718017903,1718017903,0,0,0,0.0,0,0,0,0,1,,76561199397846384,0,1,106614,2991,106542,1718024960
578080,167080428,schinese,1718017870,1718017870,1,0,0,0.0,0,0,0,0,1,,76561199632911232,0,1,10380,940,10323,1718021312
578080,167080402,schinese,1718017828,1718017828,1,0,0,0.0,0,0,0,0,1,,76561199019293344,0,1,749,725,676,1718024092
578080,167080182,schinese,1718017532,1718017532,1,0,0,0.0,0,1,0,0,1,,76561198968696544,1,1,5094,117,4976,1718024567
578080,167080162,schinese,1718017505,1718017505,0,0,0,0.0,0,1,1,0,1,,76561198383083984,1,1,178763,1199,178752,1718018133
578080,167079991,schinese,1718017253,1718017253,1,0,0,0.0,0,0,0,0,1,,76561199012361040,0,1,1086,251,1036,1718020214
578080,167079893,schinese,1718017121,1718017121,1,0,0,0.0,0,0,0,0,1,,76561199312714128,9,3,1226,130,1118,1718026343
578080,167079888,schinese,1718017111,1718017111,1,0,0,0.0,0,0,1,0,1,,76561199069550960,0,2,2835,155,2725,1718023456
578080,167079862,schinese,1718017076,1718017076,1,0,0,0.0,0,0,0,0,1,,76561199248827376,7,1,2721,615,2721,1717601552
578080,167079798,schinese,1718016987,1718016987,1,0,0,0.0,0,0,0,0,1,,76561199536488016,6,3,22521,1113,22521,1717940155
578080,167079778,polish,1718016959,1718016959,1,0,0,0.0,0,0,0,0,1,,76561198173801504,11,1,16604,1589,16506,1718025399
578080,167079259,english,1718016220,1718016896,0,0,0,0.0,0,0,0,0,1,,76561198809503952,100,11,1000,20,1000,1718016850
578080,167079703,russian,1718016863,1718016863,0,0,0,0.0,0,0,0,0,1,,76561199121715680,0,11,1880,1164,1729,1718025329
578080,167079618,schinese,1718016729,1718016729,1,0,0,0.0,0,0,0,0,1,,76561198853400960,0,3,23148,2562,23148,1718015924
578080,167079449,schinese,1718016497,1718016497,0,0,0,0.0,0,1,0,0,1,,76561199070253680,0,2,2498,76,2421,1718022664
578080,167079398,english,1718016410,1718016410,1,0,0,0.0,0,0,1,0,1,,76561199157423376,0,4,462,462,458,1718016589
578080,167079324,russian,1718016322,1718016322,1,0,0,0.0,0,0,1,0,1,,76561199699843328,0,1,27,27,22,1718016801
578080,162097184,schinese,1712135849,1718016171,0,1,0,0.5238095521926879,0,0,0,0,1,,76561199563891664,5,1,53319,3674,53168,1718025224
578080,167079172,schinese,1718016096,1718016096,1,0,0,0.0,0,0,0,0,1,,76561199054884128,0,1,26335,1913,26161,1718026443
578080,167079115,turkish,1718016008,1718016008,1,0,0,0.0,0,0,0,0,1,,76561199471652352,0,3,627,30,624,1718016132
578080,167079054,turkish,1718015905,1718015905,1,1,0,0.5,0,1,0,0,1,,76561199126811392,9,1,247356,8681,247205,1718026191
578080,167078996,schinese,1718015833,1718015833,1,0,0,0.0,0,0,0,0,1,,76561199610659936,0,1,4464,931,4464,1717985683
578080,167078862,russian,1718015665,1718015665,1,0,0,0.0,0,0,0,0,1,,76561198212928816,44,3,13678,2026,13602,1718022311
578080,167078832,schinese,1718015614,1718015614,1,0,0,0.0,0,0,0,0,1,,76561199205605696,3,3,21989,1304,21811,1718024758
578080,167078784,turkish,1718015544,1718015544,1,0,0,0.0,0,0,0,0,1,,76561198850631568,0,1,28720,1336,28593,1718021524
578080,110283588,tchinese,1644919636,1718015486,0,0,0,0.0,0,0,1,0,0,,76561198324265504,14,3,144261,2982,144199,1718026037
578080,167078665,schinese,1718015347,1718015347,0,0,0,0.0,0,0,0,0,1,,76561199496384384,0,1,90731,369,90666,1718019310
578080,167078617,russian,1718015284,1718015284,0,0,0,0.0,0,0,0,0,1,,76561198840112288,0,24,34,0,34,1692031130
578080,105609885,russian,1639190153,1718015067,1,0,0,0.0,0,0,0,0,0,,76561199084571424,32,6,51726,822,51709,1718016109
578080,167078395,schinese,1718014966,1718014966,1,0,0,0.0,0,1,0,0,1,,76561198358252720,0,1,22720,0,22720,1518114748
578080,167078342,schinese,1718014894,1718014894,1,0,0,0.0,0,0,0,0,1,,76561198805268480,0,1,1345,280,1282,1718019281
578080,167078317,russian,1718014851,1718014851,1,0,0,0.0,0,0,0,0,1,,76561199020426544,0,1,5902,1302,5802,1718026542
578080,167078256,schinese,1718014754,1718014754,0,0,0,0.0,0,0,0,0,1,,76561199159934992,0,1,41665,1259,41663,1718014850
578080,157186503,schinese,1706621332,1718014735,0,0,0,0.0,0,1,0,0,1,,76561198382014336,14,2,49220,3438,49205,1718024808
578080,167078101,schinese,1718014515,1718014515,0,0,0,0.0,0,0,0,0,1,,76561198405806464,13,1,96,96,96,1718014388
578080,167078076,schinese,1718014469,1718014469,0,0,0,0.0,0,0,0,0,1,,76561199396771616,41,4,26262,1687,26262,1718002284
578080,167077992,french,1718014348,1718014348,1,0,0,0.0,0,0,0,0,1,,76561198002272064,0,5,61931,5181,61876,1718017405
578080,167077972,schinese,1718014315,1718014315,0,0,0,0.0,0,0,0,0,1,,76561199079539328,1,1,73110,969,72983,1718026226
578080,167077872,schinese,1718014180,1718014180,0,0,0,0.0,0,0,0,0,1,,76561199575568080,0,1,1167,1167,969,1718026197
578080,167077639,schinese,1718013879,1718013879,1,0,0,0.0,0,0,0,0,1,,76561199634096320,1,1,4258,1067,4158,1718019980
578080,167077629,thai,1718013870,1718013870,1,0,0,0.0,0,0,0,0,1,,76561199499449584,1,6,20,0,20,1710855823
578080,167077598,tchinese,1718013842,1718013842,0,0,0,0.0,0,0,0,0,1,,76561198444322768,0,2,4068,51,4037,1718015570
578080,167077532,schinese,1718013756,1718013756,1,0,0,0.0,0,0,0,0,1,,76561199075681520,97,7,2927,1987,2782,1718022479
578080,167077500,english,1718013710,1718013710,1,0,0,0.0,0,0,0,0,1,,76561198395849280,0,1,212,0,212,1648655819
578080,167077464,schinese,1718013656,1718013656,0,0,0,0.0,0,0,0,0,1,,76561199031354464,0,1,478,478,406,1718021668
578080,167077410,russian,1718013581,1718013581,1,0,0,0.0,0,0,0,0,1,,76561198448485568,28,4,3485,234,3483,1718015496
578080,167077253,russian,1718013314,1718013314,1,1,0,0.5238095521926879,0,0,0,0,1,,76561199519585664,21,3,523,471,519,1718013515
578080,61616014,english,1578649753,1718013254,1,0,0,0.0,0,1,0,0,0,,76561198870668544,0,13,9014,0,9014,1681608626
578080,167077163,schinese,1718013203,1718013203,0,0,0,0.0,0,0,0,0,1,,76561198360673824,0,1,17736,2661,17558,1718023828
578080,167077081,tchinese,1718013078,1718013078,0,0,0,0.0,0,0,0,0,1,,76561199470871648,0,5,568,70,568,1718013031
578080,167076966,schinese,1718012896,1718012896,1,0,0,0.0,0,1,0,0,1,,76561199024427984,12,1,142057,94,142056,1718012999
578080,167076909,koreana,1718012797,1718012797,1,1,0,0.50495046377182,0,0,1,0,1,,76561199394333232,0,1,1977,262,1928,1718015652
578080,167076862,tchinese,1718012733,1718012733,1,0,0,0.0,0,0,0,0,1,,76561199079838896,0,1,3777,324,3730,1718015493
578080,167076731,schinese,1718012543,1718012543,1,0,0,0.0,0,0,0,0,1,,76561199652990112,4,1,258,68,189,1718016678
578080,167076730,schinese,1718012541,1718012541,1,0,0,0.0,0,0,0,0,1,,76561199194023840,0,1,11947,1280,11925,1718013888
578080,167076711,schinese,1718012508,1718012508,0,0,0,0.0,0,0,0,0,1,,76561199357930624,0,1,1341,307,1341,1718012446
578080,95740655,schinese,1626289120,1718012492,1,0,0,0.0,0,1,0,0,0,,76561198222063424,20,1,272421,6949,194104,1718025701
578080,167076680,schinese,1718012455,1718012455,1,0,0,0.0,0,0,0,0,1,,76561199262143104,0,1,24511,1735,24398,1718019216
578080,167076674,koreana,1718012445,1718012445,1,0,0,0.4950494766235351,0,0,0,0,1,,76561199223134672,0,1,2357,662,2217,1718020877
578080,167076570,english,1718012283,1718012283,1,0,1,0.4761904776096343,0,0,0,0,1,,76561199088329328,0,1,62920,915,62920,1717970260
578080,167076547,russian,1718012233,1718012233,1,0,0,0.0,0,0,0,0,1,,76561199438973424,51,25,17,0,17,1711269187
578080,167076519,schinese,1718012175,1718012175,1,0,0,0.0,0,1,0,0,1,,76561199166085376,0,1,2101,964,2011,1718022429
578080,167076488,schinese,1718012133,1718012133,0,0,0,0.0,0,1,0,0,1,,76561198289802352,0,4,56105,0,56105,1621158348
578080,167076304,schinese,1718011834,1718011834,0,0,0,0.0,0,1,0,0,1,,76561198400509520,0,1,25859,33,25840,1718021678
578080,167076256,schinese,1718011748,1718011748,1,0,0,0.0,0,0,1,0,1,,76561199404451328,0,4,3004,1391,3004,1718011724
578080,167076204,russian,1718011652,1718011652,1,0,0,0.0,0,0,0,0,1,,76561199221894224,0,1,512,153,512,1718011640
578080,167076180,russian,1718011615,1718011615,1,0,0,0.0,0,0,0,0,1,,76561199079148256,0,1,20255,3796,20106,1718020919
578080,167076144,schinese,1718011549,1718011549,1,0,0,0.0,0,1,0,0,1,,76561199191642736,0,1,3973,343,3797,1718025108
578080,167076091,schinese,1718011483,1718011483,0,0,0,0.0,0,1,0,0,1,,76561198427270832,0,1,104976,2329,104976,1718011268
578080,167076006,schinese,1718011346,1718011346,1,0,0,0.0,0,1,0,0,1,,76561199125781008,0,1,29609,2840,29357,1718026445
578080,167075853,ukrainian,1718011114,1718011114,1,0,0,0.0,0,0,0,0,1,,76561199651323776,0,1,791,791,711,1718023781
578080,167075850,russian,1718011111,1718011111,0,0,0,0.0,0,0,0,0,1,,76561199135688192,0,2,5095,3871,5095,1718010567
578080,163231431,english,1713614221,1718011063,0,1,0,0.5028544664382933,0,1,0,0,1,,76561198080987408,0,2,26638,2636,26585,1718021261
578080,167075711,schinese,1718010919,1718010919,1,0,0,0.0,0,0,0,0,1,,76561199200173648,3,1,27459,928,27387,1718015175
578080,85728979,schinese,1612142103,1718010563,0,0,0,0.0,0,0,0,0,0,,76561199002889056,5,1,9545,39,9506,1718016755
578080,167075462,russian,1718010522,1718010522,1,0,0,0.0,0,0,0,0,1,,76561199482360032,23,4,579,579,341,1718025957
578080,167075445,koreana,1718010501,1718010501,1,1,0,0.50495046377182,0,0,0,0,1,,76561199134936816,0,1,1978,1525,1942,1718012611
578080,63345608,schinese,1581437541,1718010464,1,0,0,0.0,0,1,0,0,0,,76561198982202400,0,1,7668,1384,7666,1718010489
578080,167075378,english,1718010417,1718010417,1,0,0,0.0,0,0,0,0,1,,76561199549480368,0,1,471,471,199,1718026454
578080,167075367,schinese,1718010407,1718010407,0,0,0,0.0,0,1,0,0,1,,76561198443074480,50,4,87022,601,87022,1717954122
578080,167075278,russian,1718010273,1718010273,1,0,0,0.0,0,0,0,0,1,,76561199103018688,16,2,1059,602,1032,1718015371
578080,167075238,schinese,1718010207,1718010207,1,0,0,0.0,0,1,0,0,1,,76561198154516576,0,1,163032,7397,162781,1718026067
578080,167075225,schinese,1718010191,1718010191,1,0,0,0.0,0,1,0,0,1,,76561198872477360,0,1,4969,1107,4897,1718014445
578080,167075221,french,1718010185,1718010185,1,0,0,0.0,0,1,0,0,1,,76561197970826992,0,1,135823,1023,135684,1718024003
578080,167075124,schinese,1718010019,1718010019,1,0,0,0.0,0,0,0,0,1,,76561199556248112,5,1,13366,2658,13105,1718025661
578080,167074903,schinese,1718009664,1718009664,0,0,0,0.0,0,1,0,0,1,,76561198419030064,26,1,202136,1301,201895,1718023822
578080,167074830,schinese,1718009541,1718009541,0,0,0,0.0,0,0,0,0,1,,76561199254647216,2,1,9474,2024,9202,1718026513
578080,167074749,schinese,1718009416,1718009416,1,0,0,0.0,0,0,0,0,1,,76561199682406560,0,1,319,305,283,1718012213
578080,167074736,russian,1718009393,1718009393,1,0,0,0.0,0,0,0,0,1,,76561199476875712,0,6,633,207,579,1718012596
578080,167074705,schinese,1718009352,1718009352,1,0,0,0.0,0,0,0,0,1,,76561199037654768,36,1,605,341,499,1718019083
578080,167074638,schinese,1718009244,1718009244,1,0,0,0.0,0,0,0,0,1,,76561199622778848,17,2,2990,2757,2718,1718025501
578080,167074612,koreana,1718009217,1718009217,1,1,0,0.50495046377182,0,0,0,0,1,,76561199496735376,0,1,1407,31,1394,1718009968
578080,167074539,russian,1718009084,1718009084,1,0,0,0.0,0,0,0,0,1,,76561199217742384,10,2,764,168,756,1718009500
578080,167074494,schinese,1718009021,1718009021,1,0,0,0.0,0,1,0,0,1,,76561198401874144,3,1,5301,3589,5301,1718009011
578080,167074404,schinese,1718008891,1718008891,1,0,0,0.0,0,0,0,0,1,,76561199250162240,0,2,733,302,705,1718010567
578080,167074316,english,1718008779,1718008779,1,0,0,0.4761904776096343,0,0,0,0,1,,76561198308000432,0,1,274,267,184,1718014178
578080,167074309,schinese,1718008776,1718008776,1,0,0,0.0,0,0,0,0,1,,76561199683274752,0,1,4485,2719,4374,1718025398
578080,167074252,schinese,1718008711,1718008711,0,0,0,0.0,0,1,0,0,1,,76561198970778400,0,1,302647,423,302626,1718009517
578080,162698578,russian,1712887689,1718008649,1,0,0,0.0,0,0,0,0,1,,76561199471060432,0,1,14086,2154,13984,1718025487
578080,167074133,schinese,1718008526,1718008526,1,0,0,0.0,0,1,0,0,1,,76561198810808064,0,1,72394,112,72340,1718011739
578080,167074115,schinese,1718008498,1718008498,0,0,0,0.0,0,1,0,0,1,,76561198817417264,0,1,123248,926,123187,1718012159
578080,167074070,schinese,1718008443,1718008443,1,0,0,0.0,0,1,0,0,1,,76561199156724864,0,1,62264,2356,62178,1718013543
440,167131408,english,1718080904,1718080904,0,1,0,0.5199999809265136,0,0,0,0,1,,76561198149101808,179,6,163872,77,163872,1717991014
440,153966065,english,1703036828,1718080886,0,0,0,0.5238095521926879,0,0,0,0,1,,76561199230374736,40,5,19523,0,19523,1716702594
440,119709355,english,1659111143,1718080881,0,0,0,0.5238095521926879,0,0,0,0,0,,76561198983914608,26,17,30812,0,30812,1711662780
440,4389268,english,1328751860,1718080834,0,0,0,0.0,0,0,0,0,0,,76561198036334176,564,2,26796,1,26796,1717142906
440,167131373,english,1718080828,1718080828,0,0,0,0.0,0,0,0,0,1,,76561198985352784,60,7,6380,46,6380,1718080782
440,29684093,english,1486181421,1718080827,0,0,0,0.0,3,0,0,0,1,,76561198136338880,0,16,60458,0,60458,1715906156
440,167131303,russian,1718080676,1718080676,1,0,0,0.0,0,0,0,0,1,,76561199324081296,4,2,235,0,235,1687583787
440,167131252,english,1718080608,1718080608,0,0,0,0.0,0,0,0,0,1,,76561198135981424,88,4,37697,0,37697,1700032623
440,49582069,english,1552691476,1718080489,0,0,0,0.0,0,0,0,0,1,,76561198418776064,70,18,113261,276,113261,1717895240
440,26125276,english,1476941437,1718080479,0,0,0,0.0,0,0,0,0,0,,76561198280696864,270,43,111995,0,111995,1690099883
440,167131134,english,1718080368,1718080368,0,0,0,0.4773463010787963,0,0,0,0,1,,76561198018400736,0,16,8622,0,8622,1666250802
440,167131111,english,1718080325,1718080325,0,0,0,0.0,0,0,0,0,1,,76561198170040320,0,7,1146,0,1146,1691001565
440,81690694,english,1607211595,1718080308,0,0,0,0.0,0,0,0,0,0,,76561198971313952,85,18,35633,0,10132,1716177286
440,167131087,english,1718080285,1718080285,0,0,0,0.0,0,0,1,0,1,,76561199093772896,0,2,2656,33,2623,1718082722
440,36307891,english,1509914159,1718080251,0,0,0,0.0,0,0,0,0,0,,76561198035057408,153,14,90161,1,90161,1717885792
440,98706891,english,1630662630,1718080206,0,0,0,0.5238095521926879,0,0,0,0,0,,76561199086702464,18,9,71817,219,71757,1718083760
440,65686074,english,1585031531,1718080185,0,0,0,0.0,0,0,0,0,1,,76561198136770576,0,4,47960,0,47960,1695007255
440,131460161,english,1674564931,1718080140,0,0,0,0.0,0,0,1,0,1,,76561199183225408,23,8,88623,0,88623,1697273635
440,167131009,spanish,1718080127,1718080127,0,0,0,0.0,0,0,0,0,1,,76561198453273968,54,2,550,0,550,1513801046
440,79763887,english,1606238300,1718079795,0,0,0,0.0,0,0,0,0,0,,76561198122074640,0,27,23945,0,23945,1709071859
440,167130829,english,1718079794,1718079794,0,0,0,0.0,0,0,0,0,1,,76561199018050736,24,4,7349,96,7337,1718080024
440,6175722,english,1362850900,1718079722,0,0,0,0.5268571376800537,0,0,0,0,0,,76561198060609264,135,11,270028,231,270028,1718061285
440,92954463,english,1622492094,1718079715,1,0,0,0.0,0,0,0,0,0,,76561199099165024,0,9,4891,0,4891,1713679236
440,24539082,english,1469547784,1718079712,0,0,0,0.0,0,0,0,0,0,,76561198114794368,150,13,136724,0,136724,1711856736
440,167130784,english,1718079695,1718079695,0,0,0,0.0,0,0,0,0,1,,76561199186287936,0,56,75,0,75,1687552236
440,167130783,english,1718079694,1718079694,0,0,0,0.0,0,0,0,0,1,,76561198360589056,246,23,10671,51,10671,1717218210
440,167130754,english,1718079651,1718079651,0,0,0,0.0,0,0,0,0,1,,76561198060790816,0,7,46292,0,46292,1714374292
440,166675990,english,1717520945,1718079616,0,0,0,0.0,0,0,0,0,1,,76561199271357440,0,4,29111,1655,29103,1718080090
440,167130714,english,1718079546,1718079546,0,0,0,0.0,0,0,1,0,1,,76561199025821888,0,2,337,337,337,1717878951
440,167130711,english,1718079542,1718079542,1,0,0,0.0,0,0,0,0,1,,76561198868946592,87,29,550,85,550,1717996593
440,167130675,english,1718079471,1718079471,0,0,0,0.0,0,0,0,0,1,,76561199212905808,0,1,28391,0,28391,1715899542
440,49012957,english,1550254654,1718079386,0,0,0,0.0,0,0,0,0,0,,76561198052214064,235,23,19275,0,19275,1714768203
440,148164132,english,1697237447,1718079344,0,0,0,0.0,0,0,0,0,1,,76561198836349392,31,15,18515,0,18515,1716070770
440,167130586,english,1718079310,1718079310,0,0,0,0.0,0,0,0,0,1,,76561199366761120,75,10,46865,1282,46865,1718000429
440,167130537,english,1718079192,1718079192,0,0,0,0.0,0,0,0,0,1,,76561198218005600,0,3,59224,0,59224,1714429504
440,167130525,english,1718079157,1718079157,0,0,0,0.0,0,0,0,0,1,,76561198234535552,0,1,182349,0,182349,1706246782
440,167130510,english,1718079136,1718079136,0,0,0,0.0,0,0,0,0,1,,76561197990991888,291,14,18700,0,18700,1672189378
440,167130451,english,1718079022,1718079125,0,0,0,0.0,0,0,0,0,1,,76561198812653056,0,1,4406,0,4406,1633210082
440,31513428,english,1493759206,1718078919,0,0,0,0.0,0,0,0,0,0,,76561198051368704,86,5,79233,0,79233,1703798690
440,167130378,english,1718078893,1718078893,0,0,0,0.0,0,0,0,0,1,,76561199373152512,22,6,3013,35,2978,1718079240
440,56457479,english,1572838826,1718078867,0,0,0,0.0,0,0,0,0,0,,76561198800976784,56,12,73019,0,73019,1705093857
440,112381681,english,1647562231,1718078858,0,0,0,0.4722719192504882,0,0,0,0,0,,76561198355284784,0,66,8356,0,8356,1693508457
440,167130352,english,1718078836,1718078836,1,0,0,0.0,0,0,0,0,1,,76561197970632928,138,2,62988,1235,62913,1718083387
440,167130341,english,1718078819,1718078819,0,0,0,0.0,0,1,0,0,1,,76561198398190928,47,4,91018,27,91018,1717185789
440,73297502,english,1595747401,1718078816,0,0,0,0.5199999809265136,1,0,1,0,0,,76561199075636624,164,3,17174,0,1060,1716594974
440,167130310,english,1718078771,1718078771,0,0,0,0.0,0,0,0,0,1,,76561198110232784,174,10,56780,0,56780,1713812717
440,19259717,english,1448418230,1718078742,0,0,0,0.0,0,1,0,0,1,,76561198127258160,28,1,6819,0,6819,1702185703
440,167130277,english,1718078715,1718078715,0,0,0,0.0,0,0,0,0,1,,76561198969840240,51,18,362,284,362,1718060231
440,20019743,brazilian,1451272239,1718078701,0,0,0,0.5038167834281921,0,0,0,0,0,,76561198116914336,344,92,265172,122,265172,1718074839
440,167130270,english,1718078700,1718078700,0,0,0,0.0,0,0,0,0,1,,76561198393673184,115,1,18709,521,18709,1718000059
440,167130269,english,1718078699,1718078699,1,0,0,0.0,0,1,0,0,1,,76561198041960160,0,7,139755,0,139755,1709864941
440,112263313,english,1647389077,1718078629,1,0,1,0.0,0,0,0,0,0,,76561198445888032,0,28,7144,0,7144,1713316651
440,76859604,english,1601556722,1718078608,0,0,0,0.0,0,0,0,0,0,,76561199045511888,51,17,43284,0,43284,1709337385
440,51639000,english,1561781497,1718078573,0,0,0,0.0,0,0,0,0,1,,76561198407277712,0,4,39999,1550,39999,1718041931
440,165175493,english,1715468140,1718078559,0,0,0,0.0,0,0,0,0,1,,76561199572614656,0,6,2136,1114,2136,1718082484
440,167130163,english,1718078516,1718078516,0,0,0,0.0,0,0,0,0,1,,76561198288793248,0,2,14491,46,14445,1718082219
440,167130128,english,1718078435,1718078435,0,0,0,0.0,0,0,0,0,1,,76561198311417616,180,15,3456,0,3456,1666739915
440,167130108,english,1718078405,1718078405,0,0,0,0.0,0,0,0,0,1,,76561198186862944,44,1,30543,317,30490,1718081196
440,167130107,english,1718078405,1718078405,0,0,0,0.0,0,0,0,0,1,,76561198156549040,0,1,1146,0,1146,1643334242
440,167130087,schinese,1718078365,1718078365,0,0,0,0.0,0,0,0,0,1,,76561198920775216,273,2,1858,0,1858,1709810168
440,28775759,english,1482980597,1718078289,0,0,0,0.0,0,0,0,0,1,,76561198148606528,140,13,386389,510,386333,1718081372
440,167129936,english,1718078117,1718078164,0,0,0,0.0,0,0,0,0,1,,76561198331075552,0,1,4687,0,4687,1692444786
440,25206248,ukrainian,1472391440,1718078078,0,0,0,0.5056179761886596,0,0,0,0,0,,76561198010124256,1155,458,19567,0,19567,1715117949
440,95159569,russian,1625552818,1718078058,0,0,0,0.0,0,0,0,0,0,,76561198956216272,59,4,13038,0,13038,1716714391
440,144385660,english,1692249695,1718078034,0,0,0,0.0,0,0,0,0,1,,76561199012461232,48,7,28182,257,28163,1718079286
440,68199280,english,1588105190,1718077995,0,0,0,0.0,0,0,0,0,0,,76561198084825808,149,47,36733,0,3766,1708404996
440,38765544,english,1514433271,1718077955,0,0,0,0.0,0,0,0,0,0,,76561198279500048,188,22,103799,0,103799,1701749697
440,73664239,english,1596388933,1718077896,0,0,0,0.4954128563404083,0,0,0,0,0,,76561199075563040,0,2,146181,574,146181,1718076929
440,127166401,english,1669532150,1718077856,0,0,0,0.0,0,0,0,0,1,,76561199013771328,0,4,10522,0,10522,1714245295
440,123704361,english,1665537770,1718077853,0,0,0,0.0,0,0,1,0,1,,76561199221997152,2,8,28829,0,28829,1712793663
440,167129767,english,1718077842,1718077842,0,0,0,0.0,0,0,0,0,1,,76561198152317776,119,6,74282,244,74282,1717979417
440,51218882,english,1560510219,1718077802,0,0,0,0.0,0,0,0,0,1,,76561198264709888,0,14,14451,0,14451,1708845063
440,9011521,english,1391817035,1718077783,0,0,0,0.0,0,0,0,0,0,,76561198036410256,0,4,102928,0,102928,1713657541
440,166832745,spanish,1717715482,1718077769,0,0,0,0.0,0,0,0,0,1,,76561198127866976,45,6,140290,187,140290,1718077438
440,167129706,english,1718077758,1718077758,1,0,0,0.0,0,0,0,0,1,,76561198391450960,0,7,23360,1336,23360,1718076010
440,78269832,english,1603858075,1718077733,0,0,0,0.0,0,0,0,0,0,,76561198862785408,124,9,65501,155,65478,1718078751
440,167129641,english,1718077662,1718077662,0,0,0,0.0,0,0,0,0,1,,76561198250274592,0,4,9190,34,9177,1718078491
440,167129623,english,1718077630,1718077630,0,0,0,0.0,0,0,0,0,1,,76561198209518480,182,2,43585,0,43585,1715895126
440,4081323,english,1352489999,1718083401,0,0,0,0.0,0,1,0,0,1,,76561198031748640,137,1,452098,0,452098,1716062910
440,77260132,english,1602206955,1718077577,0,0,0,0.0,0,0,0,0,0,,76561198355592976,142,40,12364,0,12364,1693353725
440,120665333,english,1660558503,1718077526,0,0,0,0.0,0,0,0,0,0,,76561198383643312,73,34,42457,0,42457,1716795591
440,167129544,english,1718077507,1718077507,0,0,0,0.0,0,0,0,0,1,,76561198400169568,0,1,5344,0,5344,1716874105
440,118168206,english,1656899646,1718077506,0,0,0,0.5507658123970031,0,0,0,0,0,,76561198048811568,0,22,310182,118,310182,1717569712
440,167129523,english,1718077454,1718077454,0,1,0,0.5116279125213623,0,0,0,0,1,,76561198025825296,0,1,3650,87,3650,1718077055
440,72915846,japanese,1595107375,1718077435,1,0,0,0.0,0,0,0,0,0,,76561198963195296,10,4,21928,1286,21928,1718077405
440,167129501,english,1718077373,1718077373,0,0,0,0.0,0,0,0,0,1,,76561199106356224,34,9,323,57,265,1718080951
440,167126573,english,1718072455,1718077333,0,3,0,0.5320653915405273,0,0,0,0,1,,76561199082558752,0,1,1822,1665,1774,1718077288
440,166963437,english,1717878617,1718077333,0,0,0,0.0,0,0,0,0,1,,76561197963720064,57,1,1311,848,1223,1718082731
440,100692059,english,1633636381,1718077256,0,0,0,0.0,0,0,0,0,0,,76561198943087552,0,7,16627,0,16627,1704093645
440,100748075,spanish,1633727837,1718077239,0,0,0,0.0,0,0,0,0,0,,76561198856326208,94,30,28424,0,28424,1716105701
440,153778859,english,1702807830,1718077238,0,0,0,0.5386242270469666,0,0,0,0,1,,76561198255032272,0,28,45272,0,45272,1715679323
440,167129431,english,1718077235,1718077235,0,6,0,0.5877355933189392,0,1,0,0,1,,76561198410802912,138,8,22365,1,22365,1717513626
440,167129403,english,1718077176,1718077176,0,6,0,0.5786362886428833,0,0,0,0,1,,76561198099812016,0,8,5264,0,5264,1655857205
440,20552189,english,1452912818,1718077118,0,0,0,0.0,4,0,0,0,0,,76561198174935120,138,10,125501,85,125501,1718070807
440,74745741,english,1598130754,1718077115,0,0,0,0.0,0,0,0,0,1,,76561198250588832,48,7,15896,0,15896,1712643443
440,157304308,spanish,1706761051,1718077071,0,0,0,0.0,0,0,0,0,1,,76561199233936272,16,6,21411,72,21411,1717287628
440,167129347,english,1718077063,1718077063,0,2,1,0.5175438523292542,0,0,0,0,1,,76561197975049280,21,1,987,219,909,1718081487
440,167129331,english,1718077035,1718077035,0,3,0,0.5272608995437622,0,1,0,0,1,,76561198349921424,0,14,664,0,664,1613167947
440,167129310,english,1718076994,1718076994,0,5,0,0.5534002184867858,0,0,0,0,1,,76561198378628672,0,14,38,0,38,1492546854
440,167129289,english,1718076963,1718076963,0,4,0,0.5321249961853027,0,1,0,0,1,,76561198051089440,982,34,7784,19,7784,1717124908
440,21333473,english,1455950183,1718076960,0,0,0,0.0,0,0,0,0,1,,76561198131502016,401,1,300233,1986,300124,1718082669
440,87063299,english,1613785186,1718076814,0,0,0,0.0,0,0,0,0,0,,76561198162737120,94,14,114973,0,109655,1715834740
440,167129201,english,1718076779,1718076779,0,3,0,0.5143606662750244,0,0,0,0,1,,76561198204524592,266,5,23261,0,23261,1716542960
440,167129191,english,1718076760,1718076760,0,2,0,0.5086795687675476,0,0,0,0,1,,76561199229192656,0,5,263,0,263,1709583695
440,167129143,english,1718076690,1718076690,0,4,0,0.5220969319343566,0,0,0,0,1,,76561198447606864,50,9,89143,1187,88644,1718145518
440,4342041,english,1300651363,1718076659,0,0,0,0.0,0,0,0,0,0,,76561198035743296,343,15,144150,0,144150,1705892237
440,167129077,english,1718076578,1718076578,0,2,0,0.3583481609821319,0,0,0,0,1,,76561198018691312,143,3,361013,1436,361013,1718076404
440,167129063,russian,1718076560,1718076560,1,0,0,0.0,0,0,0,0,1,,76561199509693712,25,19,7164,825,7164,1717877510
440,167129044,english,1718076532,1718076532,0,0,0,0.0,0,0,0,0,1,,76561198297407456,39,1,54972,1111,54917,1718125252
440,167129029,english,1718076512,1718076512,1,0,0,0.0,0,0,0,0,1,,76561199121968784,0,7,3090,3071,2632,1718145977
440,55790660,english,1572060195,1718076488,0,0,0,0.0,0,0,0,0,1,,76561198199016224,162,14,30885,0,30885,1703137162
440,167128973,schinese,1718076420,1718076420,0,0,0,0.0,0,0,0,0,1,,76561198354282144,0,3,14899,0,14899,1711161236
440,167128956,english,1718076391,1718076391,1,0,0,0.0,0,0,0,0,1,,76561199468384000,0,2,222,163,186,1718145337
440,162147630,russian,1712186415,1718076372,0,0,0,0.0,0,0,0,0,1,,76561199205385600,34,2,16127,88,14880,1717724564
440,167128889,english,1718076293,1718076293,0,0,0,0.0,0,1,0,0,1,,76561198024192768,1010,1,25882,0,25882,1713820417
440,167128793,english,1718076118,1718076118,0,0,0,0.0,0,0,0,0,1,,76561199077573168,0,14,1178,227,950,1718138558
440,156405773,english,1705781065,1718076097,0,0,0,0.0,0,0,0,0,1,,76561199135531728,0,9,8481,699,8481,1718063116
440,159662292,english,1709358761,1718076093,0,0,0,0.0,0,0,0,0,1,,76561198128277440,89,3,67375,1694,67251,1718090591
440,167128718,english,1718076016,1718076016,1,0,0,0.0,0,0,0,0,1,,76561198084036944,22,11,63,0,63,1710094239
440,167128716,spanish,1718076009,1718076009,0,1,0,0.0,0,0,0,0,1,,76561198829484800,0,10,113039,149,113039,1718069399
440,167128711,english,1718075997,1718075997,0,0,0,0.0,0,0,0,0,1,,76561199084324528,21,1,32152,0,32152,1713998185
440,167128691,english,1718075966,1718075966,0,0,1,0.0,0,0,0,0,1,,76561198022262832,0,2,10745,1,10745,1717046962
440,160153257,english,1709955088,1718075925,0,0,0,0.0,0,0,0,0,1,,76561199124800576,0,13,4822,20,4822,1717212992
440,6079360,english,1366928229,1718075920,0,0,0,0.0,0,0,0,0,1,,76561198058588752,0,1,15609,0,15609,1525824880
440,6436227,english,1373284994,1718075896,0,0,0,0.0,0,0,0,0,0,,76561198066272544,0,35,12530,0,12530,1449816048
440,19985377,english,1451195021,1718075854,0,0,0,0.4761904776096343,0,0,0,0,1,,76561198098250032,34,1,196516,943,196452,1718079711
440,3860181,english,1369627937,1718075828,0,0,0,0.0,0,0,0,0,0,,76561198028226400,115,3,231348,0,231348,1716348618
440,145558043,turkish,1693698729,1718075765,0,0,0,0.5087209343910217,0,0,1,0,1,,76561198289628176,85,29,6712,0,6712,1713800980
440,83684382,english,1609454133,1718075726,0,0,0,0.5138888955116271,0,0,0,0,0,,76561198288705952,234,27,112135,109,112025,1718083222
440,163732305,english,1714256611,1718075631,0,0,0,0.0,1,0,0,0,1,,76561199349521312,0,3,8960,1713,8960,1718074448
440,87627123,english,1614540032,1718075615,0,0,0,0.0,3,0,0,0,1,,76561198066307392,198,128,20579,0,20579,1705208366
440,15243644,english,1428366625,1718075588,0,0,0,0.5238095521926879,0,0,0,0,0,,76561198165355968,366,22,148885,2333,148794,1718079497
440,167128467,english,1718075554,1718075554,0,0,0,0.0,0,0,0,0,1,,76561198408821040,0,5,2820,0,2820,1691034973
440,76553367,english,1601061414,1718075545,0,0,0,0.0,0,0,0,0,1,,76561199006850096,73,6,99506,63,99492,1718080731
440,67002556,english,1586495644,1718075523,0,0,0,0.0,0,0,0,0,0,,76561198076078032,0,86,12965,248,12947,1718081484
440,52650501,english,1561935587,1718075459,0,0,0,0.0,0,0,0,0,0,,76561198163731792,108,1,153632,156,153632,1717720137
440,167128375,brazilian,1718075392,1718075392,0,1,0,0.5238095521926879,0,0,0,0,1,,76561198049566016,0,39,38496,0,38496,1716615439
440,167128369,spanish,1718075385,1718075385,0,0,0,0.0,0,0,0,0,1,,76561198243631072,164,3,207378,3265,207234,1718083881
440,76097828,english,1600305751,1718075356,0,0,0,0.0,0,0,1,0,0,,76561198845946480,0,13,109419,0,109419,1702951304
440,167128336,english,1718075324,1718075324,0,0,0,0.0,0,1,0,0,1,,76561198846986368,0,7,8342,560,8313,1718135547
440,167128301,english,1718075266,1718075266,0,0,0,0.0,0,0,0,0,1,,76561198857884176,0,8,6963,0,6963,1716517098
440,23335253,english,1464821185,1718075207,0,2,0,0.5285439491271972,0,0,0,0,1,,76561198087544320,298,5,297885,14,297885,1717371621
440,167128259,english,1718075192,1718075192,0,0,0,0.0,0,0,0,0,1,,76561199168944832,0,2,2053,516,1785,1718139908
440,32491509,english,1497665161,1718075163,0,0,0,0.0,0,0,0,0,1,,76561198085940192,317,55,133868,1,133868,1717555255
440,158599355,english,1708234943,1718075125,0,0,0,0.0,0,0,0,0,1,,76561198961900112,9,1,24123,810,24111,1718078926
440,112016269,english,1647060478,1718075125,0,0,0,0.4924242496490478,0,0,0,0,0,,76561198287685568,184,5,98834,0,98834,1716921897
440,167128109,latam,1718074930,1718075100,0,0,0,0.0,0,0,0,0,1,,76561198866386448,44,5,26434,0,26434,1707587221
440,167128212,english,1718075087,1718075087,0,1,0,0.5238095521926879,0,0,0,0,1,,76561198163636464,0,7,108968,165,108968,1718074683
440,147345911,english,1696069969,1718075082,0,0,0,0.0,0,0,0,0,1,,76561199217865344,23,8,7813,413,7735,1718096969
440,167128187,spanish,1718075046,1718075046,0,0,0,0.0,0,0,0,0,1,,76561199218731504,32,2,41,0,41,1680649962
440,149563969,english,1699159564,1718074979,0,0,0,0.0,0,1,1,0,1,,76561198076457328,0,13,3264,0,3264,1716440936
440,30603599,english,1489881675,1718074956,0,0,0,0.0,0,1,0,0,1,,76561198169904688,140,4,21676,0,21676,1708196110
440,167128124,english,1718074947,1718074947,0,0,0,0.0,0,0,0,0,1,,76561198054901760,99,11,63158,541,63158,1717718323
440,114568080,english,1651075591,1718074928,0,0,0,0.0,1,0,0,0,0,,76561198221502672,145,4,161888,0,161888,1715740700
440,166634098,english,1717465879,1718074923,0,0,0,0.0,0,0,0,0,1,,76561198092211392,0,3,92275,408,92270,1718096648
440,167128092,latam,1718074889,1718074889,0,0,0,0.0,0,0,0,0,1,,76561198980028992,0,1,4645,26,4645,1718074533
440,167128059,english,1718074832,1718074832,0,0,0,0.0,0,0,0,0,1,,76561198057552512,0,1,118271,0,118271,1697959961
440,71459059,english,1593233755,1718074805,0,0,0,0.0,0,0,0,0,1,,76561198312524576,126,9,70946,816,70946,1718074098
440,20604167,russian,1453121511,1718074799,0,0,0,0.0,0,0,0,0,1,,76561198260472000,0,3,37271,2195,37238,1718102661
440,167128015,english,1718074782,1718074782,0,0,0,0.0,0,0,0,0,1,,76561199039132064,26,4,5896,0,5896,1708297349
440,6885158,english,1372636925,1718074750,0,0,0,0.0,1,0,0,0,0,,76561198078379712,203,21,148552,1024,148552,1717899592
440,33326343,english,1499380267,1718074742,0,0,0,0.5498507022857666,1,0,0,0,0,,76561198343877408,0,21,242408,0,242408,1713589723
440,164775428,english,1715036274,1718074581,0,0,0,0.483818769454956,0,0,0,0,1,,76561198869660192,67,2,63880,21,63880,1717177482
440,166878604,english,1717781782,1718074418,0,16,0,0.6542649269104003,0,0,0,0,1,,76561199187564672,0,6,19455,672,19455,1717878501
440,167127761,english,1718074404,1718074404,0,0,0,0.0,0,0,0,0,1,,76561198384303728,0,8,1750,170,1580,1718141478
440,87003373,english,1613713627,1718074397,0,0,0,0.0,0,0,1,0,0,,76561198817375984,119,13,94831,162,94669,1718085910
440,167127701,english,1718074287,1718074287,0,0,0,0.0,1,0,0,0,1,,76561199155253120,0,2,8546,42,8546,1717021778
440,167127696,english,1718074281,1718074281,1,0,0,0.0,0,0,0,0,1,,76561199670748816,0,5,108,76,103,1718075655
440,167127648,latam,1718074190,1718074190,0,0,0,0.0,0,0,0,0,1,,76561198160342784,0,15,15811,0,15811,1716338562
440,163911469,russian,1714487450,1718074178,0,0,0,0.0,0,0,1,0,1,,76561199420002288,0,12,976,0,976,1710247129
440,167127635,english,1718074167,1718074167,0,0,0,0.0,0,1,0,0,1,,76561199067886480,68,5,800,714,477,1718142767
440,14428155,english,1423625963,1718074117,0,0,0,0.0,0,1,0,0,1,,76561198171563504,0,1,43444,808,43356,1718108561
440,167127592,english,1718074081,1718074081,0,0,0,0.0,0,0,0,0,1,,76561199011393392,36,3,32222,0,32222,1716605388
440,74439775,english,1597640800,1718074065,0,0,0,0.0,0,0,0,0,0,,76561199064980048,117,7,14106,169,14103,1718090606
440,167127517,english,1718073972,1718073972,0,0,0,0.0,0,0,0,0,1,,76561198354740448,0,16,396,1,396,1718073930
440,14802850,english,1425864007,1718073956,0,0,0,0.0,0,0,0,0,0,,76561198101131664,0,39,59788,0,59788,1706050216
440,167127491,english,1718073937,1718073937,0,0,0,0.0,0,0,0,0,1,,76561198087153440,161,8,28037,0,28037,1689729063
440,144020084,english,1691862925,1718073869,0,0,0,0.0,0,0,1,0,1,,76561199037097792,0,5,15591,648,15423,1718142316
440,6288051,english,1368662390,1718073869,0,0,0,0.0,0,1,0,0,1,,76561198062965248,345,11,123410,0,123410,1695531580
440,167127369,english,1718073753,1718073753,1,0,0,0.0,0,0,0,0,1,,76561198368627360,0,1,1955,1955,1600,1718132715
440,167127359,vietnamese,1718073735,1718073735,1,0,0,0.0,0,0,0,0,1,,76561199029235536,0,2,4540,0,4540,1716077797
440,167127350,english,1718073723,1718073723,0,0,0,0.0,0,0,0,0,1,,76561198383811664,0,10,1178,8,1178,1717935220
440,118909521,english,1657985632,1718073720,0,0,0,0.52173912525177,0,0,1,0,0,,76561198143673280,193,36,39420,0,39420,1715857728
440,167127333,english,1718073701,1718073701,0,0,0,0.0,0,0,0,0,1,,76561198255762000,126,2,37762,35,37727,1718075837
440,15832596,english,1431649305,1718073672,0,0,0,0.5024875402450562,0,0,0,0,0,,76561198089189360,648,32,21347,0,21347,1714011058
440,48070852,english,1546525841,1718073655,0,0,0,0.0,0,0,1,0,0,,76561198193109424,249,32,97378,1,97378,1718073187
440,113958531,english,1650126181,1718073605,0,0,0,0.0,0,0,0,0,0,,76561198306444672,101,37,40244,0,40244,1714485968
440,167127279,english,1718073600,1718073600,0,9,0,0.6008607149124146,0,0,0,0,1,,76561199073976896,0,5,19154,0,19154,1715828217
440,167127267,english,1718073593,1718073593,0,7,0,0.578514277935028,0,0,0,0,1,,76561199215396528,0,3,12806,1138,12785,1718145845
440,167127257,english,1718073573,1718073573,0,6,0,0.5631711483001708,0,1,0,0,1,,76561198042836448,0,17,31261,0,31261,1711416896
440,92840273,english,1622345670,1718073570,0,0,0,0.0,0,0,0,0,1,,76561198814469232,74,13,3208,36,3172,1718076398
440,46798241,spanish,1543076970,1718073530,0,0,0,0.52173912525177,0,0,0,0,0,,76561198429953760,51,4,44749,0,44749,1691635035
440,69274003,english,1589674365,1718073527,0,0,0,0.5435684919357299,0,0,0,0,0,,76561198894752048,76,17,11149,42,11149,1717896827
440,121654344,english,1662173713,1718073435,0,7,1,0.582301914691925,0,0,0,0,1,,76561199013596800,128,20,27408,0,27408,1705931934
440,9737193,english,1396729532,1718073424,0,0,0,0.0,0,0,0,0,1,,76561198119196736,186,6,32114,0,32114,1716862224
440,159439634,english,1709083866,1718073414,0,0,0,0.5199999809265136,0,0,0,0,1,,76561198084716016,0,1,54192,0,54192,1715127767
440,167127142,english,1718073399,1718073399,0,4,0,0.5168558955192565,0,1,0,0,1,,76561198142663888,136,3,65198,0,65198,1716013839
440,144417186,schinese,1692286160,1718073376,1,0,0,0.0,0,0,0,0,1,,76561198421346480,47,8,1106,17,1089,1718118224
440,167127111,english,1718073348,1718073348,1,1,1,0.4347341060638427,0,0,0,0,1,,76561198390475984,106,15,182471,5,182465,1718073623
440,110472631,english,1645163649,1718073221,1,0,0,0.0,0,0,0,0,0,,76561198831343120,0,18,206896,1412,206894,1718085664
271590,167132594,english,1718083158,1718083158,0,0,0,0.0,0,1,0,0,1,,76561199626786640,0,5,219,219,197,1718084498
271590,167132426,english,1718082797,1718082797,1,0,0,0.0,0,1,0,0,1,,76561198341410112,0,2,849,203,645,1718095021
271590,167132424,english,1718082793,1718082793,1,0,0,0.0,0,1,0,0,1,,76561199508590912,0,1,6814,497,6814,1718010345
271590,167132320,spanish,1718082573,1718082573,1,0,0,0.0,0,1,0,0,1,,76561198847816624,0,3,8532,1148,8394,1718090812
271590,167132262,thai,1718082469,1718082469,1,0,0,0.0,0,1,0,0,1,,76561198168837856,0,1,2648,0,2648,1652008612
271590,25500328,english,1473801397,1718082437,1,4,0,0.4392873048782348,0,1,0,0,0,,76561197999935168,0,1192,7452,16,7452,1717895926
271590,128329882,english,1670721062,1718082301,1,0,0,0.0,0,1,0,0,1,,76561199071088240,82,19,6634,492,6520,1718095710
271590,137767784,schinese,1683186799,1718082073,0,2,0,0.5307167172431945,0,1,0,0,1,,76561198296507680,49,3,44428,67,44428,1717982892
271590,167132028,english,1718082037,1718082037,1,0,0,0.0,0,1,1,0,1,,76561199121450896,0,1,10728,16,10718,1718082786
271590,167131871,schinese,1718081769,1718081769,1,0,0,0.0,0,1,0,0,1,,76561198334818560,65,22,5499,0,5499,1698946435
271590,167131860,english,1718081753,1718081753,1,0,0,0.0,0,1,0,0,1,,76561199699419168,0,1,1982,1983,1803,1718100298
271590,167131810,schinese,1718081634,1718081634,1,0,0,0.0,0,1,0,0,1,,76561198973012912,0,1,5116,210,4906,1718096984
271590,167131768,english,1718081549,1718081549,1,0,0,0.0,0,1,0,0,1,,76561199025276528,82,9,5627,2007,5435,1718098626
271590,167131718,english,1718081463,1718081463,1,0,0,0.0,0,1,0,0,1,,76561198257857584,0,14,8601,745,8601,1718074465
271590,167131473,english,1718081018,1718081018,0,0,0,0.0,0,1,1,0,1,,76561199229096272,0,7,821,3,819,1718081063
271590,167131415,schinese,1718080919,1718080919,1,0,0,0.0,0,1,0,0,1,,76561199009823088,0,29,676,328,461,1718093949
271590,167131193,schinese,1718080492,1718080492,1,0,0,0.0,0,1,0,0,1,,76561199500193008,0,2,17688,771,17619,1718084620
271590,167131118,spanish,1718080336,1718080336,1,0,0,0.0,0,1,0,0,1,,76561199150249488,13,3,828,0,828,1711161370
271590,167130762,english,1718079660,1718079660,1,0,0,0.4794520437717437,0,1,1,0,1,,76561199577026000,13,2,1886,755,1801,1718086749
271590,167130707,schinese,1718079531,1718079531,1,0,0,0.0,0,1,0,0,1,,76561199440194144,69,4,1670,1355,1670,1718078273
271590,167130701,schinese,1718079526,1718079526,1,0,0,0.0,0,1,0,0,1,,76561199070010272,0,1,7918,252,7841,1718084222
271590,167130663,english,1718079453,1718079453,1,0,0,0.0,0,1,0,0,1,,76561199087940032,26,11,2247,1712,2094,1718086688
271590,167130483,schinese,1718079087,1718079087,1,0,0,0.0,0,1,0,0,1,,76561199092111504,0,4,11112,9471,10784,1718101228
271590,167130478,schinese,1718079082,1718079082,1,0,0,0.0,0,1,0,0,1,,76561198894394496,12,2,10427,1,10427,1717966966
271590,167130459,english,1718079041,1718079041,1,0,0,0.0,0,1,0,0,1,,76561199641018384,0,1,24045,5745,23832,1718100920
271590,167130432,schinese,1718078985,1718078985,1,0,0,0.0,0,1,0,0,1,,76561198988611104,0,1,19576,0,19576,1711546083
271590,68531862,english,1588564576,1718099189,0,0,0,0.0,0,1,0,0,1,,76561198052043360,283,80,309421,97,309421,1717247512
271590,167130209,english,1718078597,1718078597,1,0,0,0.0,0,1,0,0,1,,76561198812979120,24,12,3770,1288,3433,1718099298
271590,167130150,brazilian,1718078492,1718078492,1,0,0,0.0,0,1,0,0,1,,76561199093106416,0,2,1393,0,1393,1687824035
271590,167130038,spanish,1718078283,1718078283,1,0,0,0.0,0,1,0,0,1,,76561199009099168,0,1,3717,0,3717,1685479326
271590,167129980,latam,1718078187,1718078187,1,0,0,0.0,0,1,1,0,1,,76561199581862720,0,1,5028,3004,4920,1718097768
271590,167129927,schinese,1718078107,1718078107,1,0,0,0.0,0,1,0,0,1,,76561198264146144,0,3,12113,161,11958,1718097312
271590,167129885,schinese,1718078047,1718078047,1,0,0,0.0,0,1,1,0,1,,76561199069423696,6,1,5972,147,5825,1718100645
271590,167129768,english,1718077845,1718077845,1,0,0,0.0,0,1,0,0,1,,76561199695096784,0,1,2973,2973,2676,1718099980
271590,167129450,schinese,1718077268,1718077268,1,0,0,0.0,0,1,0,0,1,,76561199525476256,4,2,3983,247,3922,1718081542
271590,167129411,english,1718077185,1718077185,1,1,0,0.5205479264259338,0,1,0,0,1,,76561199480113232,0,1,3222,324,3171,1718085463
271590,167129384,english,1718077124,1718077124,1,1,0,0.5205479264259338,0,1,0,0,1,,76561199229825408,58,32,3828,2500,3746,1718086298
271590,167129327,brazilian,1718077030,1718077030,1,0,0,0.0,0,1,0,0,1,,76561198247974288,21,7,15120,0,15120,1706381076
271590,167129245,english,1718076863,1718076863,1,0,0,0.0,0,1,0,0,1,,76561199477649920,0,3,15856,3142,15760,1718082675
271590,167129052,schinese,1718076551,1718076551,1,0,0,0.0,0,1,0,0,1,,76561199699725472,0,1,2106,2106,2106,1718076529
271590,167128977,english,1718076428,1718076428,1,0,0,0.4794520437717437,0,1,0,0,1,,76561199403005952,0,2,326,1,326,1718076419
271590,167128943,spanish,1718076383,1718076383,1,0,0,0.0,0,1,1,0,1,,76561199692650064,0,1,2077,2077,2077,1718076285
271590,145570841,english,1693718352,1718076335,1,0,0,0.0,0,1,0,0,1,,76561199440240160,0,4,2389,0,2389,1711602488
271590,167128765,english,1718076072,1718076072,0,1,0,0.5032679438591003,0,1,0,0,1,,76561198055248464,0,13,5903,55,5903,1718076067
271590,167128561,schinese,1718075740,1718075740,1,0,0,0.0,0,1,0,0,1,,76561198845808112,0,2,109245,290,109245,1718074613
271590,56647642,spanish,1573067564,1718075628,1,0,0,0.0,0,1,0,0,1,,76561198274736320,0,5,53398,45,53352,1718078311
271590,167128460,english,1718075529,1718075529,0,0,0,0.0,0,1,0,0,1,,76561199070740016,0,1,8439,3,8439,1718075364
271590,167128395,english,1718075425,1718075425,1,0,0,0.0,0,1,0,0,1,,76561199589398240,0,4,470,247,357,1718088317
271590,167128379,english,1718075406,1718075406,1,0,0,0.0,0,1,0,0,1,,76561199408796464,0,1,523,117,519,1718075642
271590,167128226,brazilian,1718075119,1718075119,1,0,0,0.0,0,1,1,0,1,,76561199157415856,0,2,627,0,627,1620174252
271590,167128208,english,1718075079,1718075079,1,0,0,0.0,0,1,0,0,1,,76561199122098128,21,6,9289,37,9289,1718073443
271590,167128181,english,1718075036,1718075036,1,0,0,0.0,0,1,0,0,1,,76561199502072128,0,1,1110,1,1110,1718071562
271590,167128154,english,1718074995,1718074995,0,0,0,0.0,0,1,0,0,1,,76561199214603264,1,1,9661,312,9654,1718075479
271590,167128121,brazilian,1718074942,1718074942,1,0,0,0.0,0,1,0,0,1,,76561198894466704,0,1,634,0,634,1715109415
271590,167128066,schinese,1718074847,1718074847,1,0,0,0.0,0,1,0,0,1,,76561199700174304,0,1,1632,1632,1207,1718100375
271590,75514376,schinese,1599353413,1718074802,1,0,0,0.0,0,0,0,0,0,,76561198902048256,38,2,83542,0,83542,1716439969
271590,167127947,schinese,1718074687,1718074687,1,0,0,0.0,0,1,0,0,1,,76561198842366304,25,1,1559,46,1512,1718077572
271590,167127855,brazilian,1718074562,1718074562,1,0,0,0.0,0,1,0,0,1,,76561199110763376,0,2,29021,0,29021,1695934678
271590,167127773,ukrainian,1718074427,1718074427,1,0,0,0.0,0,1,0,0,1,,76561199218140400,0,1,6265,2468,6054,1718087073
271590,167127739,english,1718074364,1718074364,1,0,0,0.0,0,1,0,0,1,,76561199526274144,0,1,7064,352,7048,1718090374
271590,166854939,russian,1717752543,1718074205,1,0,0,0.0,0,1,0,0,1,,76561199377236128,0,1,1184,1184,1002,1718093415
271590,167127578,english,1718074056,1718074056,1,0,0,0.0,0,1,0,0,1,,76561199136635584,0,1,1278,1278,1241,1718076275
271590,167127307,french,1718073648,1718073648,1,0,0,0.0,0,1,0,0,1,,76561199225383360,0,1,2113,2113,2113,1718072441
271590,167127283,spanish,1718073602,1718073602,1,0,0,0.0,0,1,0,0,1,,76561198878980304,0,2,55766,156,55766,1718069937
271590,167127260,brazilian,1718073579,1718073579,1,0,0,0.0,0,1,0,0,1,,76561199215299904,0,2,10843,0,10843,1715719730
271590,167127199,brazilian,1718073495,1718073495,1,0,0,0.0,0,1,0,0,1,,76561199701018464,0,1,148,148,148,1718072917
271590,167127150,spanish,1718073408,1718073408,1,0,0,0.0,0,1,0,0,1,,76561199523975696,5,1,23478,333,23449,1718079554
271590,155720487,english,1704932767,1718073327,1,0,0,0.0,0,1,0,0,1,,76561199575132816,0,2,12524,207,12454,1718076920
271590,167126894,schinese,1718072993,1718072993,1,1,0,0.5238095521926879,0,1,0,0,1,,76561198435013488,82,23,14030,0,14030,1712667703
271590,167126799,schinese,1718072839,1718072839,0,0,0,0.4761904776096343,0,1,0,0,1,,76561198421459408,56,4,144682,1491,144500,1718099685
271590,167126760,english,1718072773,1718072773,1,0,0,0.0,0,1,0,0,1,,76561199230223376,0,5,1008,400,975,1718077020
271590,167126675,schinese,1718072640,1718072640,1,0,0,0.0,0,1,0,0,1,,76561199468068384,9,1,8358,735,8176,1718091593
271590,167126658,english,1718072615,1718072615,1,0,0,0.0,0,1,0,0,1,,76561199261281648,0,4,312,142,205,1718078984
271590,167126590,english,1718072477,1718072477,1,0,0,0.0,0,1,1,0,1,,76561199559520144,0,5,301,301,185,1718082938
271590,167126585,english,1718072467,1718072467,0,0,1,0.0,0,1,0,0,1,,76561199700532928,0,1,361,361,361,1718072374
271590,167126368,schinese,1718072144,1718072144,1,0,0,0.0,0,1,0,0,1,,76561198353804304,173,30,156,0,156,1606231493
271590,167126017,english,1718071608,1718071608,1,0,0,0.0,0,1,0,0,1,,76561199625132624,0,1,2531,175,2355,1718082584
271590,167125963,russian,1718071530,1718071530,1,0,0,0.0,0,0,0,0,1,,76561199561093696,0,2,1246,1246,1090,1718101091
271590,167125842,english,1718071367,1718071367,1,0,0,0.0,0,1,0,0,1,,76561199593043568,0,3,1435,0,1435,1706062447
271590,167125667,schinese,1718071106,1718071106,1,0,0,0.0,0,1,0,0,1,,76561198301645216,0,2,15128,35,15093,1718073345
271590,167125634,schinese,1718071050,1718071050,1,0,0,0.0,0,1,0,0,1,,76561199539577312,6,2,2334,749,2275,1718084199
271590,167125529,english,1718070880,1718070880,1,0,0,0.0,0,1,0,0,1,,76561198996594048,90,26,91835,116,91835,1718069345
271590,167125501,english,1718070849,1718070849,1,0,0,0.0,0,0,0,0,1,,76561199551025760,4,1,9025,114,8920,1718100693
271590,167125363,english,1718070617,1718070617,1,0,0,0.0,0,1,0,0,1,,76561199124386272,0,1,205,2,202,1718081010
271590,167124657,schinese,1718069663,1718069663,1,0,0,0.0,0,1,0,0,1,,76561199058125376,0,1,5970,4,5966,1718071368
271590,167124545,english,1718069494,1718069494,1,0,0,0.0,0,1,0,0,1,,76561199545397536,0,4,1209,1209,1209,1718068869
271590,165774745,english,1716262855,1718069402,0,0,0,0.0,0,1,0,0,1,,76561198027141248,0,180,1587,1315,1487,1718075105
271590,167124456,english,1718069334,1718069334,1,0,0,0.0,0,0,1,0,1,,76561199033636608,35,3,5509,23,5509,1718069329
271590,167124200,english,1718068990,1718068990,1,0,0,0.0,0,1,0,0,1,,76561198144894608,131,8,11793,1995,11793,1718068884
271590,167123913,brazilian,1718068540,1718068540,1,0,0,0.0,0,1,0,0,1,,76561199486636576,0,1,1454,114,1442,1718069243
271590,167123786,schinese,1718068303,1718068303,1,0,0,0.0,0,1,0,0,1,,76561199075454256,0,1,5623,244,5519,1718094922
271590,167123758,english,1718068246,1718068246,1,0,0,0.0,0,0,0,0,1,,76561199041024400,0,4,2153,888,2153,1718067909
271590,167123725,english,1718068197,1718068197,1,0,0,0.0,0,1,0,0,1,,76561198811578592,0,4,1983,126,1866,1718075307
271590,93711400,english,1623631921,1718068041,1,0,0,0.0,0,1,0,0,0,,76561198869188736,41,20,28661,376,28661,1717045605
271590,167123589,spanish,1718067997,1718067997,1,0,0,0.0,0,1,0,0,1,,76561199215915984,0,1,2786,937,2647,1718076338
271590,167123330,schinese,1718067588,1718067588,1,0,0,0.0,0,1,0,0,1,,76561198993860000,57,1,18441,24,18441,1717931947
271590,150216046,english,1700131661,1718067421,1,0,0,0.0,0,1,0,0,1,,76561198077731440,104,43,7002,568,7002,1717999368
271590,167122778,brazilian,1718066687,1718066687,1,0,0,0.0,0,1,0,0,1,,76561199078441248,0,1,2811,0,2811,1696171418
271590,167122639,turkish,1718066467,1718066467,0,0,0,0.0,0,1,0,0,1,,76561199110361280,100,2,4953,0,4953,1685811670
271590,167122612,english,1718066424,1718066424,0,0,0,0.0,0,1,0,0,1,,76561199582483952,0,1,617,568,617,1718066457
271590,167122338,brazilian,1718066035,1718066035,1,1,0,0.5098039507865905,0,1,0,0,1,,76561199126555856,0,2,374,374,265,1718074696
271590,167122336,english,1718066032,1718066032,0,0,0,0.0,0,1,0,0,1,,76561198349886752,56,7,1598,1006,1528,1718069701
271590,167122240,english,1718065905,1718065905,1,0,0,0.0,0,1,0,0,1,,76561199224878048,36,2,6488,0,6488,1694402745
271590,167121983,brazilian,1718065548,1718065548,1,0,0,0.4901960790157318,0,1,0,0,1,,76561198874256368,0,1,166,0,166,1695588958
271590,167121909,brazilian,1718065441,1718065441,1,2,0,0.532710313796997,0,1,0,0,1,,76561198798572448,0,1,265,0,265,1716337451
271590,167121907,schinese,1718065440,1718065440,1,0,0,0.0,0,1,0,0,1,,76561198848821168,30,1,371,0,371,1714974939
271590,167121767,english,1718065228,1718065228,1,0,0,0.0,0,1,0,0,1,,76561198090998928,0,10,845,590,704,1718094973
271590,158928156,brazilian,1708556528,1718065014,1,0,0,0.0,0,1,0,0,1,,76561198411408432,4441,11,6640,0,6640,1708559847
271590,167121570,schinese,1718064917,1718064917,1,0,0,0.0,0,1,0,0,1,,76561199389826736,25,1,21763,879,21752,1718065606
271590,167121564,english,1718064906,1718064906,1,0,0,0.0,0,1,0,0,1,,76561198299076672,0,1,5538,82,5504,1718079170
271590,167121264,spanish,1718064389,1718064389,1,0,0,0.0,0,1,0,0,1,,76561199247663536,0,1,2124,1870,2119,1718065286
271590,167121126,schinese,1718064231,1718064231,1,0,0,0.0,0,1,0,0,1,,76561198822881296,0,4,1136,0,1136,1714981764
271590,167120986,english,1718064034,1718064034,1,0,0,0.0,0,1,0,0,1,,76561198083168448,0,2,7909,2053,7852,1718067473
271590,167120823,spanish,1718063804,1718063804,1,0,0,0.0,0,1,0,0,1,,76561199566003216,0,1,24191,640,24167,1718097381
271590,167120670,tchinese,1718063579,1718063579,1,0,0,0.0,0,1,0,0,1,,76561199029313536,0,2,3506,3004,3501,1718067443
271590,167120443,spanish,1718063267,1718063267,1,0,0,0.0,0,1,1,0,1,,76561198930642176,0,1,1675,45,1630,1718068961
271590,167120421,latam,1718063228,1718063228,1,0,0,0.0,0,1,0,0,1,,76561199441192768,0,1,9094,6,9089,1718063503
271590,167120343,german,1718063080,1718063080,1,0,0,0.0,0,1,0,0,1,,76561198092347392,0,3,34833,775,34833,1718045267
271590,167120275,english,1718062945,1718062945,1,0,0,0.0,0,0,1,0,1,,76561199105127248,0,2,17420,178,17242,1718073633
271590,144200560,english,1692037347,1718062727,0,0,0,0.0,0,1,0,0,1,,76561199100262480,0,60,11875,134,11875,1718062723
271590,167120079,spanish,1718062674,1718062674,1,0,0,0.0,0,1,0,0,1,,76561199182696080,0,1,3832,3,3829,1718062874
271590,167120037,norwegian,1718062617,1718062617,0,0,0,0.0,0,1,0,0,1,,76561198154077264,0,10,8111,616,8111,1718062593
271590,167120005,russian,1718062560,1718062560,1,0,1,0.0,0,1,0,0,1,,76561199106322272,16,4,3124,1651,3124,1717974074
271590,167119960,brazilian,1718062508,1718062508,1,0,0,0.0,0,1,1,0,1,,76561199229242960,4,1,991,15,975,1718078971
271590,167119881,koreana,1718062398,1718062479,1,0,0,0.0,0,1,0,0,1,,76561198859956160,0,4,2513,2517,2373,1718098860
271590,167119891,brazilian,1718062414,1718062414,1,0,0,0.0,0,1,0,0,1,,76561199017331728,0,7,4279,0,4279,1713149405
271590,167119656,brazilian,1718062064,1718062064,1,2,0,0.5454545617103576,0,1,0,0,1,,76561199565672176,0,1,501,0,501,1701988185
271590,167119495,english,1718061794,1718061794,1,0,0,0.0,0,1,0,0,1,,76561199494510016,0,1,2781,556,2668,1718094704
271590,140462295,turkish,1687381570,1718061788,1,0,0,0.0,0,1,0,0,1,,76561199268650048,0,3,8293,0,8293,1712389944
271590,167119391,english,1718061621,1718061621,1,0,0,0.0,0,1,0,0,1,,76561199438813536,0,1,997,46,997,1717873291
271590,167119378,schinese,1718061608,1718061608,1,0,0,0.0,0,1,0,0,1,,76561199409339808,2,1,1363,96,1363,1717922129
271590,167119366,english,1718061594,1718061594,1,0,0,0.0,0,1,0,0,1,,76561198853127296,5,2,7449,500,7449,1718056449
271590,167119203,koreana,1718061317,1718061317,1,0,0,0.0,0,0,0,0,1,,76561198144999600,0,15,16605,5,16605,1717514183
271590,167119179,english,1718061282,1718061282,1,0,0,0.0,0,1,0,0,1,,76561199244733632,120,6,9751,492,9540,1718075407
271590,167119135,brazilian,1718061225,1718061225,1,0,0,0.0,0,1,0,0,1,,76561198978381664,0,1,867,5,861,1718061522
271590,167119113,brazilian,1718061193,1718061193,1,0,0,0.0,0,1,1,0,1,,76561199402839184,24,10,2674,2664,2674,1718061110
271590,167119037,spanish,1718061072,1718061072,1,0,0,0.0,0,1,0,0,1,,76561199477925120,3,1,6868,34,6868,1717986974
271590,167118976,english,1718060991,1718060991,1,0,0,0.0,0,1,1,0,1,,76561199121948000,0,2,2094,437,1887,1718093417
271590,167118830,brazilian,1718060757,1718060757,1,0,0,0.0,0,1,0,0,1,,76561199073969520,10,2,7904,2,7904,1717975658
271590,167118523,brazilian,1718060322,1718060322,1,0,0,0.0,0,1,0,0,1,,76561198863530960,0,1,18812,1028,18636,1718070866
271590,167118469,english,1718060246,1718060246,1,0,0,0.0,0,1,0,0,1,,76561199222453472,0,8,3171,1420,3100,1718064492
271590,167118459,english,1718060233,1718060233,1,0,0,0.0,0,1,0,0,1,,76561198266871600,17,5,82785,1104,82756,1718062041
271590,167118436,english,1718060197,1718060197,0,0,0,0.0,0,1,0,0,1,,76561199506807200,0,1,8090,5056,7897,1718088419
271590,167118201,spanish,1718059851,1718059851,1,1,0,0.5238095521926879,0,1,0,0,1,,76561198970302464,0,10,14870,538,14870,1717973918
271590,86871118,english,1613559336,1718059704,1,0,0,0.0,0,1,0,0,0,,76561199132655088,0,4,233610,0,233610,1706760445
271590,20526448,russian,1452796953,1718059697,1,0,0,0.0,0,0,0,0,0,,76561198193903904,0,72,40170,47,40170,1717542115
271590,167118055,english,1718059638,1718059638,1,0,0,0.0,0,1,0,0,1,,76561199222469184,0,1,34417,66,34350,1718063656
271590,124339676,spanish,1666642585,1718059577,1,0,0,0.0,0,1,0,0,1,,76561198798587680,33,12,57965,1125,57935,1718061402
271590,145663712,english,1693846404,1718059544,1,0,0,0.0,0,1,0,0,1,,76561199200360304,0,14,3281,68,3281,1717123684
271590,167117979,brazilian,1718059530,1718059530,1,0,0,0.0,0,1,0,0,1,,76561199484865344,0,1,1765,450,1765,1718059506
271590,167117923,english,1718059466,1718059466,1,0,0,0.0,0,1,0,0,1,,76561198988046144,0,13,524,524,452,1718063093
271590,167117912,spanish,1718059455,1718059455,1,0,0,0.0,0,1,0,0,1,,76561199575245792,0,1,542,542,411,1718080967
271590,167117825,spanish,1718059301,1718059301,1,0,0,0.0,0,1,0,0,1,,76561198377651376,62,49,2130,0,2130,1709864423
271590,167117802,english,1718059271,1718059271,1,0,0,0.0,0,1,0,0,1,,76561199186516064,0,10,4155,3793,4155,1718041270
271590,167117680,schinese,1718059093,1718059093,1,0,0,0.0,0,1,0,0,1,,76561198210909616,0,1,6175,847,6175,1718059383
271590,167117564,russian,1718058939,1718058939,1,0,0,0.0,0,1,0,0,1,,76561199368219504,0,5,2016,828,1820,1718086731
271590,167117486,english,1718058844,1718058844,1,0,0,0.0,0,1,0,0,1,,76561198180740016,0,1,9389,7221,9273,1718065812
271590,167117314,schinese,1718058596,1718058596,1,0,0,0.0,0,1,0,0,1,,76561198800245616,133,2,14570,1156,14570,1717968886
271590,167117127,english,1718058340,1718058340,1,0,0,0.0,0,1,0,0,1,,76561199446144416,7,4,9659,1,9659,1717481824
271590,167117095,english,1718058306,1718058306,1,0,0,0.0,0,1,1,0,1,,76561199252957520,5,2,4704,1977,4597,1718101287
271590,167116659,english,1718057710,1718057710,1,0,0,0.0,0,1,1,0,1,,76561199532751008,0,3,4976,4930,4268,1718100499
271590,167116622,schinese,1718057662,1718057662,1,0,0,0.0,0,1,0,0,1,,76561199700095920,0,1,632,632,519,1718064466
271590,167116556,brazilian,1718057568,1718057568,1,0,0,0.0,0,1,1,0,1,,76561199531872880,0,1,1188,9,1179,1718069529
271590,167116525,brazilian,1718057518,1718057518,1,0,0,0.0,0,1,0,0,1,,76561199609599264,0,1,192,37,192,1717677173
271590,167116515,schinese,1718057498,1718057498,1,0,0,0.0,0,1,0,0,1,,76561199226507600,1,1,1172,18,1154,1718058567
271590,167116482,brazilian,1718057457,1718057457,1,0,0,0.0,0,1,0,0,1,,76561199088635360,0,1,28,28,28,1717953536
271590,167116435,english,1718057393,1718057393,1,0,0,0.0,0,1,0,0,1,,76561199323785824,0,12,3289,1573,3067,1718085890
271590,167116290,russian,1718057216,1718057216,1,0,1,0.0,0,1,0,0,1,,76561199392220384,8,3,1587,1587,1587,1718052840
271590,167116117,spanish,1718056981,1718056981,1,0,0,0.0,0,1,0,0,1,,76561199453962992,0,6,778,778,543,1718077802
271590,167116044,brazilian,1718056885,1718056885,1,0,0,0.0,0,1,0,0,1,,76561199411742400,5,1,3279,1755,3192,1718062041
271590,167116027,spanish,1718056867,1718056867,1,0,0,0.0,0,1,0,0,1,,76561199191166304,0,1,10531,409,10335,1718077102
271590,167115969,english,1718056793,1718056793,0,0,0,0.0,0,1,0,0,1,,76561198377273440,54,2,110870,142,110760,1718063477
271590,167115774,german,1718056566,1718056566,1,0,0,0.0,0,1,0,0,1,,76561199086862144,0,11,3485,0,3485,1711668637
271590,167115573,english,1718056321,1718056321,1,0,0,0.0,0,1,0,0,1,,76561199379092768,29,3,8068,474,8047,1718057947
271590,162892407,brazilian,1713126714,1718056263,1,0,0,0.0,0,1,0,0,1,,76561199116294560,0,2,3147,1760,3048,1718062328
271590,152062140,english,1701012249,1718056150,1,0,0,0.0,0,1,0,0,1,,76561199121677248,121,31,54219,0,54219,1715382307
271590,167115402,english,1718056104,1718056104,1,0,0,0.0,0,0,0,0,1,,76561198244466416,0,3,38841,230,38819,1718056997
271590,167115251,english,1718055945,1718055945,1,0,0,0.0,0,1,0,0,1,,76561199189063744,0,2,17616,222,17614,1718057328
271590,167114970,brazilian,1718055611,1718055611,1,0,0,0.0,0,1,0,0,1,,76561199200803712,0,4,8379,168,8379,1717710188
271590,146888340,english,1695503676,1718055432,0,0,0,0.0,0,1,0,0,1,,76561198351050448,0,4,24240,954,24151,1718072910
271590,167114690,english,1718055288,1718055288,1,0,0,0.0,0,1,0,0,1,,76561198175536656,0,7,6372,0,6372,1714593986
271590,126044173,english,1669151434,1718055280,0,0,0,0.0,0,1,0,0,1,,76561198167134864,914,42,1822,0,1822,1711305658
271590,167114585,english,1718055152,1718055152,1,0,0,0.0,0,1,0,0,1,,76561199070115024,0,2,4519,135,4519,1717970299
271590,167114451,turkish,1718054963,1718054963,1,0,0,0.0,0,1,0,0,1,,76561199408211424,0,2,13189,14,13189,1718054908
271590,167114377,brazilian,1718054869,1718054869,0,0,1,0.0,0,1,0,0,1,,76561198822479424,23,4,10855,5789,10690,1718064786
271590,167114350,french,1718054829,1718054829,1,0,0,0.0,0,1,0,0,1,,76561198014949520,1470,13,10193,0,10193,1531478463
271590,167114035,schinese,1718054433,1718054433,1,0,0,0.0,0,1,0,0,1,,76561199363966976,0,1,35490,57,35490,1717767652
271590,128975455,turkish,1671641545,1718054415,1,1,0,0.5238095521926879,0,1,0,0,1,,76561199063922032,38,12,28511,2332,28182,1718074118
271590,167113998,russian,1718054383,1718054383,1,0,0,0.0,0,1,0,0,1,,76561199523388992,0,1,5831,42,5796,1718056492
271590,167113789,english,1718054127,1718054127,1,0,0,0.0,0,1,0,0,1,,76561199590344800,0,1,1739,0,1739,1711854511
271590,167113487,russian,1718053806,1718053806,1,0,0,0.0,0,1,0,0,1,,76561199132767056,0,2,7798,1927,7798,1718049850
271590,167113442,turkish,1718053740,1718053740,1,0,0,0.0,0,1,0,0,1,,76561199162909296,41,6,1254,1254,1057,1718099871
271590,167113311,english,1718053581,1718053581,1,0,0,0.0,0,1,0,0,1,,76561199600976416,0,1,1437,287,1161,1718070521
271590,34109562,english,1502217952,1718053499,0,0,0,0.0,0,1,0,0,1,,76561197989260816,0,7,13160,0,13160,1679725897
271590,167113109,english,1718053329,1718053329,1,0,0,0.0,0,1,0,0,1,,76561199652322528,0,1,5865,312,5844,1718054955
271590,167112871,turkish,1718053014,1718053014,1,0,0,0.0,0,1,0,0,1,,76561199445543216,11,2,13180,2859,13180,1718037395
271590,167112841,english,1718052976,1718052976,1,0,0,0.0,0,1,0,0,1,,76561198147494096,154,30,6296,1111,5956,1718073368
271590,167112834,russian,1718052968,1718052968,1,0,0,0.0,0,1,0,0,1,,76561199194326224,27,3,28280,190,28280,1718052966
271590,167112710,french,1718052815,1718052815,1,0,0,0.0,0,1,0,0,1,,76561198192241744,0,3,72096,85,72011,1718057999
271590,167112704,greek,1718052811,1718052811,1,0,0,0.0,0,0,0,0,1,,76561198928905344,0,1,884,4,884,1717780524
252490,167132555,english,1718083050,1718083050,1,0,0,0.0,0,1,0,0,1,,76561198060623456,0,3,30410,3958,30410,1718082670
252490,167132486,schinese,1718082928,1718082928,1,1,0,0.5238095521926879,0,1,0,0,1,,76561199382256912,2,1,19846,9855,19227,1718120880
252490,167132395,english,1718082727,1718082727,1,0,0,0.0,0,1,0,0,1,,76561199466377280,0,4,4347,2041,4287,1718120813
252490,135231045,russian,1679577570,1718082710,1,0,0,0.5070422291755676,0,1,0,0,1,,76561198039415456,25,3,50384,2487,50115,1718121483
252490,134323184,english,1678320273,1718082412,1,0,0,0.0,0,1,0,0,1,,76561199346953632,16,5,93657,4530,93499,1718121768
252490,167132195,english,1718082356,1718082356,1,1,0,0.5238095521926879,0,1,0,0,1,,76561199659796560,4,1,10862,3643,10862,1717963070
252490,167132190,russian,1718082348,1718082348,1,0,0,0.0,0,1,0,0,1,,76561199239780576,0,1,59191,6597,58551,1718120922
252490,163057154,russian,1713375757,1718082285,1,0,0,0.0,0,1,0,0,1,,76561199385182784,17,2,51020,3089,51020,1718018128
252490,167132160,english,1718082283,1718082283,1,0,0,0.0,0,1,0,0,1,,76561199611148080,0,1,389,389,303,1718106871
252490,167132077,english,1718082115,1718082115,1,0,0,0.0,0,0,0,0,1,,76561198423585984,64,4,935,935,913,1718083223
252490,166728829,russian,1717589704,1718082102,1,0,0,0.0,0,1,1,0,1,,76561199555458000,3,1,3729,3729,3301,1718119609
252490,154696995,english,1703838759,1718081899,1,0,0,0.0,0,1,0,0,1,,76561199143685264,0,17,30415,5079,30235,1718092351
252490,167131864,russian,1718081762,1718081762,1,1,0,0.5238095521926879,0,1,0,0,1,,76561199019400544,10,4,89452,1446,89295,1718091243
252490,167131094,english,1718080303,1718080303,1,0,0,0.0,0,1,0,0,1,,76561198831258368,10,3,29054,0,29054,1712953972
252490,167130929,russian,1718079993,1718079993,1,2,0,0.541984736919403,0,1,0,0,1,,76561199475665728,44,3,65700,5913,65434,1718112582
252490,93150822,russian,1622788309,1718079859,1,0,0,0.0,0,1,0,0,1,,76561198964790256,23,3,37612,625,36987,1718120301
252490,167130782,english,1718079693,1718079693,1,0,0,0.0,0,1,0,0,1,,76561199610939360,0,1,167,167,96,1718085976
252490,155152413,russian,1704296865,1718079556,1,1,0,0.5238095521926879,0,1,1,0,1,,76561199423096496,0,3,14927,31,14927,1717662864
252490,116457725,english,1654321978,1718078191,0,0,0,0.0,0,1,0,0,1,,76561198092147552,73,1,388077,1370,388077,1718075693
252490,167129941,english,1718078124,1718078124,1,0,0,0.0,0,1,0,0,1,,76561199532624368,4,1,34802,15523,34358,1718121238
252490,157717718,english,1707230758,1718078018,1,0,0,0.0,0,1,0,0,1,,76561199234729520,0,3,6624,876,6624,1718078008
252490,141238754,english,1688413424,1718077696,1,0,0,0.0,0,0,0,0,1,,76561198403180400,0,2,52967,3587,52697,1718120676
252490,167129619,spanish,1718077623,1718077623,1,0,0,0.0,0,1,1,0,1,,76561199698127392,0,1,1458,1458,1448,1718079096
252490,167129125,english,1718076667,1718076667,1,0,0,0.0,0,1,0,0,1,,76561198014002064,26,1,88959,3181,88709,1718094717
252490,167128880,russian,1718076275,1718076275,1,0,0,0.0,0,1,0,0,1,,76561199199680368,0,9,271,271,271,1718076147
252490,167128663,spanish,1718075926,1718075926,1,0,0,0.0,0,1,0,0,1,,76561199126193456,3,1,15059,0,15059,1706926456
252490,164187927,english,1714769256,1718075797,0,0,0,0.0,0,1,0,0,1,,76561199673968720,0,1,3944,938,3944,1718051844
252490,167128564,english,1718075742,1718075742,0,0,0,0.4761904776096343,0,1,0,0,1,,76561199077620832,26,3,17083,4,17083,1718075504
252490,167128558,english,1718075733,1718075733,1,0,0,0.0,0,1,0,0,1,,76561199157356288,20,5,2098,1177,2063,1718087162
252490,167128296,spanish,1718075260,1718075260,1,0,0,0.0,0,1,0,0,1,,76561199139296544,22,3,49905,4557,49885,1718076586
252490,166857971,russian,1717757458,1718075229,0,0,0,0.0,0,1,0,0,1,,76561199620591504,0,1,4958,3346,4803,1718091434
252490,167128196,english,1718075058,1718075058,0,0,0,0.0,0,1,0,0,1,,76561198966162400,60,3,30412,6958,29667,1718120841
252490,167128135,english,1718074959,1718074959,1,0,0,0.0,0,1,0,0,1,,76561199589978416,0,1,19988,5297,19639,1718120469
252490,167128048,english,1718074819,1718074819,1,0,0,0.0,0,1,0,0,1,,76561199124995504,38,1,100399,13,100399,1717993294
252490,167127827,russian,1718074512,1718074512,1,0,0,0.0,0,1,0,0,1,,76561198843971248,0,3,176124,7672,176055,1718076940
252490,167127823,english,1718074511,1718074511,1,0,0,0.0,0,1,0,0,1,,76561199447076016,20,8,3485,3485,3268,1718086028
252490,167127706,english,1718074298,1718074298,1,0,0,0.0,0,1,0,0,1,,76561198076246352,0,3,31705,0,31705,1716690522
252490,167127234,english,1718073546,1718073546,1,0,0,0.0,0,1,0,0,1,,76561198231217904,67,3,26986,2970,26712,1718112812
252490,92808372,russian,1622305417,1718073424,1,0,0,0.5238095521926879,0,1,0,0,0,,76561198302239744,144,52,16207,8416,15709,1718106695
252490,81754483,turkish,1607298848,1718073101,1,0,0,0.0,0,1,0,0,1,,76561198862195552,139,5,71118,1683,70997,1718119449
252490,91003801,english,1619529687,1718072941,0,0,0,0.5238095521926879,0,1,0,0,0,,76561199013627872,37,7,187057,1041,187033,1718121552
252490,167126710,english,1718072699,1718072699,1,1,0,0.5238095521926879,0,1,0,0,1,,76561198821500016,3,1,52073,9049,52018,1718076495
252490,167126505,english,1718072349,1718072349,1,0,0,0.0,0,1,0,0,1,,76561199037206400,18,4,15101,1584,14930,1718112225
252490,167126027,turkish,1718071623,1718071623,1,0,0,0.0,0,1,0,0,1,,76561199661449824,0,1,1082,1082,861,1718120840
252490,167126005,english,1718071590,1718071590,1,0,0,0.0,0,1,0,0,1,,76561198835908096,44,9,72876,3108,72785,1718077038
252490,93909402,spanish,1623946577,1718071046,1,0,0,0.0,0,1,0,0,1,,76561199078804704,0,1,123330,0,123330,1694411481
252490,167125448,english,1718070764,1718070764,1,0,0,0.0,0,1,0,0,1,,76561199507201888,0,1,66570,2632,66562,1718075221
252490,167125133,portuguese,1718070284,1718070284,1,0,0,0.0,0,1,0,0,1,,76561199699379776,2,1,1124,1124,844,1718121992
252490,98675973,russian,1630605646,1718069975,0,0,0,0.0,0,1,0,0,0,,76561198136584144,31,12,34326,0,34326,1699025877
252490,167124609,spanish,1718069595,1718069595,1,1,0,0.5238095521926879,0,1,0,0,1,,76561198371933424,0,3,1274,0,1274,1611352857
252490,167124081,english,1718068808,1718068808,1,0,0,0.0,0,1,0,0,1,,76561199698894512,0,1,1159,1159,946,1718121572
252490,167123905,english,1718068526,1718068526,1,1,0,0.5238095521926879,0,0,0,0,1,,76561198192245808,25,3,1443,20,1443,1717987394
252490,167123788,english,1718068308,1718068308,1,0,0,0.0,0,1,0,0,1,,76561199183452576,29,2,28259,227,28258,1718068343
252490,167123774,spanish,1718068271,1718068271,1,0,0,0.0,0,1,0,0,1,,76561199096884832,14,1,4478,134,4354,1718115959
252490,167123659,english,1718068088,1718068088,1,0,0,0.0,0,1,0,0,1,,76561199009679952,7,6,2832,2832,2801,1718120879
252490,167123597,english,1718068006,1718068006,0,0,0,0.0,0,1,0,0,1,,76561199447525008,0,1,178574,2517,178514,1718121724
252490,160983105,russian,1710933598,1718067983,1,0,0,0.0,0,1,0,0,1,,76561199482237024,72,43,366,0,366,1712239842
252490,167123513,english,1718067875,1718067875,1,0,0,0.0,0,1,0,0,1,,76561199258207072,0,4,7146,595,7063,1718072837
252490,167123485,english,1718067830,1718067830,1,0,0,0.0,0,1,0,0,1,,76561199191458864,13,1,32029,281,32027,1718068729
252490,167123408,schinese,1718067702,1718067702,0,0,0,0.0,0,1,0,0,1,,76561199474486016,23,3,322,84,322,1716982719
252490,167123317,finnish,1718067579,1718067579,1,0,0,0.0,0,0,0,0,1,,76561198207835456,237,107,5515,175,5515,1718061947
252490,167123256,english,1718067481,1718067481,1,0,0,0.0,0,0,0,0,1,,76561199483237872,19,1,16454,2588,16277,1718077902
252490,167123102,spanish,1718067229,1718067229,1,0,0,0.0,0,1,0,0,1,,76561199025255232,35,4,27076,5288,26766,1718120567
252490,167123001,english,1718067075,1718067075,1,0,0,0.0,0,0,0,0,1,,76561199582039792,0,1,33233,4505,32930,1718121515
252490,167122979,english,1718067040,1718067040,1,0,0,0.0,0,1,0,0,1,,76561199549114080,9,2,8538,3700,8538,1718062639
252490,167122884,english,1718066868,1718066868,1,0,0,0.0,0,1,0,0,1,,76561198044897296,128,11,520,520,270,1718117751
252490,167122745,russian,1718066623,1718066623,1,0,0,0.0,0,1,0,0,1,,76561199025077216,0,1,2798,2581,2593,1718120411
252490,167122722,english,1718066599,1718066599,1,0,0,0.0,0,1,0,0,1,,76561199179884304,23,3,40956,412,40844,1718109564
252490,167122701,english,1718066580,1718066580,1,0,0,0.0,0,1,0,0,1,,76561199446750304,5,3,65741,2758,65514,1718121711
252490,134848275,english,1679097418,1718066519,1,0,0,0.0,0,1,0,0,1,,76561199388045664,0,8,6407,0,6407,1712518629
252490,167122627,russian,1718066446,1718066446,1,0,0,0.0,0,1,0,0,1,,76561199486421056,3,1,1541,1541,1483,1718069966
252490,167122626,latam,1718066446,1718066446,0,0,0,0.0,0,1,0,0,1,,76561198042189392,279,51,3257,23,3257,1717708099
252490,42310981,russian,1527429142,1718066213,1,1,0,0.5238095521926879,0,1,0,0,0,,76561198797849696,18,3,420597,589,420597,1717425043
252490,154220827,russian,1703346536,1718066178,0,0,0,0.5238095521926879,0,1,0,0,1,,76561199203419680,24,9,25399,771,25399,1717783975
252490,144559601,russian,1692447162,1718066140,1,0,0,0.0,0,1,0,0,1,,76561199116537216,8,2,124735,3725,124708,1718121572
252490,167122190,russian,1718065849,1718065849,1,0,0,0.0,0,1,0,0,1,,76561199228902736,0,1,3939,2405,3847,1718107052
252490,167122072,english,1718065672,1718065672,1,0,0,0.0,0,1,0,0,1,,76561199473632448,0,2,7884,454,7816,1718070000
252490,163541374,english,1714022495,1718065314,1,0,0,0.0,0,0,0,0,1,,76561198799227600,0,9,21579,1947,21579,1718007761
252490,167121708,english,1718065126,1718065126,1,2,0,0.5454545617103576,0,1,0,0,1,,76561199258783392,18,1,23409,3183,23188,1718078355
252490,167121510,english,1718064799,1718064799,1,0,0,0.0,0,1,0,0,1,,76561199580811648,0,1,24422,1224,23595,1718114859
252490,167121215,english,1718064329,1718064329,1,0,0,0.0,0,1,0,0,1,,76561199041898336,0,5,2519,242,2502,1718065085
252490,167121194,russian,1718064313,1718064313,1,0,0,0.0,0,0,1,0,1,,76561199553451008,0,1,13882,1339,13636,1718120743
252490,167101896,english,1718041427,1718063997,0,0,0,0.0,0,0,0,0,1,,76561198148503040,0,1,7488,7186,7233,1718113312
252490,167120864,english,1718063863,1718063863,1,0,0,0.0,0,1,1,0,1,,76561199225276192,0,33,1686,255,1435,1718078940
252490,167120631,spanish,1718063533,1718063533,1,0,0,0.0,0,1,0,0,1,,76561198049718032,0,6,2585,2585,2431,1718072542
252490,140636293,turkish,1687639414,1718063278,1,0,0,0.0,1,1,0,0,1,,76561199030003456,155,4,34843,868,33998,1718116536
252490,167120440,russian,1718063265,1718063265,1,0,0,0.0,0,1,0,0,1,,76561199655179568,0,1,1587,1587,1587,1718032314
252490,167120420,russian,1718063227,1718063227,1,0,0,0.0,0,1,0,0,1,,76561199199387664,43,4,254,254,254,1718063153
252490,141471372,english,1688671381,1718062975,0,0,0,0.0,0,1,0,0,1,,76561199456873760,17,2,19592,325,19506,1718068215
252490,167120139,norwegian,1718062755,1718062755,1,0,0,0.0,0,1,0,0,1,,76561199700213696,0,1,976,976,614,1718115580
252490,154484185,english,1703624816,1718062667,1,0,0,0.0,0,1,0,0,1,,76561199037082336,0,3,56063,2457,55870,1718072514
252490,167119837,english,1718062318,1718062318,1,0,0,0.0,0,1,0,0,1,,76561199465143136,0,1,69449,2669,69209,1718121037
252490,167119774,russian,1718062230,1718062230,0,0,0,0.0,0,1,0,0,1,,76561199517252464,0,5,3770,3770,3553,1718121841
252490,167119620,english,1718062019,1718062019,1,0,0,0.0,0,1,0,0,1,,76561199200274160,0,1,49511,5734,49268,1718118839
252490,167119580,english,1718061940,1718061940,0,0,0,0.0,0,1,0,0,1,,76561199085141248,120,11,3878,30,3878,1718061736
252490,167119420,english,1718061674,1718061674,1,0,0,0.0,0,1,0,0,1,,76561199635535264,0,1,3894,1416,3401,1718113890
252490,167119294,russian,1718061461,1718061461,1,1,0,0.5238095521926879,0,0,0,0,1,,76561199624543200,0,1,20105,2279,20075,1718121365
252490,167119230,english,1718061345,1718061345,1,0,0,0.0,0,1,0,0,1,,76561198964145168,0,1,14244,5066,14244,1718003935
252490,167119190,english,1718061296,1718061296,1,0,0,0.0,0,1,0,0,1,,76561198414934976,72,1,12852,2296,12757,1718077755
252490,167119137,english,1718061225,1718061225,1,0,0,0.0,0,0,0,0,1,,76561199375851472,98,38,3565,3565,3383,1718114900
252490,167119103,russian,1718061184,1718061184,1,0,0,0.0,0,1,0,0,1,,76561198882653872,36,23,787,787,356,1718121134
252490,167118997,russian,1718061016,1718061016,1,0,0,0.0,0,1,0,0,1,,76561199542672608,0,1,16779,1344,16667,1718119060
252490,116666939,russian,1654677201,1718061013,0,0,0,0.0,0,1,0,0,1,,76561198812777312,0,2,102381,4187,101835,1718120856
252490,167118740,english,1718060636,1718060636,0,0,0,0.0,0,1,0,0,1,,76561198235507200,12,1,69495,6847,69290,1718099992
252490,167118728,russian,1718060609,1718060609,0,0,0,0.0,0,1,0,0,1,,76561199551528256,22,2,701,701,701,1718041665
252490,167118474,russian,1718060251,1718060251,1,0,0,0.0,0,1,0,0,1,,76561199016554368,34,11,1651,1651,1651,1717589275
252490,167118014,brazilian,1718059586,1718059586,1,0,0,0.0,0,1,0,0,1,,76561198992151680,101,6,101230,0,101230,1714866770
252490,165372272,english,1715722346,1718059289,1,0,0,0.0,0,1,0,0,1,,76561199258572304,24,1,65582,2274,65552,1718121292
252490,167117812,english,1718059284,1718059284,0,0,0,0.0,0,1,0,0,1,,76561197996964608,245,1,36221,5,36221,1718059097
252490,165986789,russian,1716577850,1718059268,1,0,0,0.0,0,1,0,0,1,,76561199102869024,21,2,5214,3291,4883,1718122021
252490,167117719,english,1718059141,1718059141,1,0,0,0.0,0,1,0,0,1,,76561198381873152,6,2,2145,2145,1882,1718082777
252490,167117615,russian,1718059010,1718059010,1,0,0,0.0,0,1,0,0,1,,76561199424561360,0,1,58456,6687,58249,1718121514
252490,167117466,russian,1718058824,1718058824,1,0,0,0.0,0,1,0,0,1,,76561199384045424,16,2,1697,1697,1663,1718116102
252490,167117450,russian,1718058793,1718058793,1,0,0,0.0,0,1,0,0,1,,76561199688923744,0,1,2588,2588,2318,1718122031
252490,161002021,russian,1710949840,1718058701,1,0,0,0.0,0,1,1,0,1,,76561199086346624,5,1,14914,4377,14741,1718121101
252490,167117318,czech,1718058602,1718058602,1,0,0,0.0,0,0,0,0,1,,76561198314449776,0,1,189112,2659,189112,1717948586
252490,167117245,russian,1718058497,1718058497,1,0,0,0.0,0,1,0,0,1,,76561199379987744,0,1,1255,1255,922,1718122014
252490,167117221,german,1718058463,1718058463,1,0,0,0.0,0,1,0,0,1,,76561199221601840,27,3,8304,4742,8100,1718107739
252490,167117193,spanish,1718058433,1718058433,1,0,0,0.0,0,1,0,0,1,,76561198102731088,0,1,34090,379,33789,1718078549
252490,167117120,russian,1718058327,1718058327,0,0,0,0.0,0,0,0,0,1,,76561199444041536,18,1,29096,2221,28704,1718116902
252490,167117034,russian,1718058199,1718058199,1,0,0,0.0,0,1,0,0,1,,76561198925666064,0,2,114510,9396,114144,1718120379
252490,155239881,russian,1704387387,1718057974,1,0,0,0.4761904776096343,0,1,1,0,1,,76561199478283456,30,10,42922,4462,42494,1718121242
252490,167116830,russian,1718057944,1718057944,1,0,0,0.0,0,1,0,0,1,,76561199147439824,44,4,3248,0,3248,1714500227
252490,167116801,english,1718057898,1718057898,1,0,0,0.0,0,1,0,0,1,,76561199700030256,0,1,598,598,594,1718058199
252490,167116496,turkish,1718057466,1718057466,1,1,0,0.5238095521926879,0,1,1,0,1,,76561199190667392,30,2,2484,2484,2319,1718120401
252490,167116455,spanish,1718057423,1718057423,1,0,0,0.0,0,1,0,0,1,,76561199191483792,0,1,20667,0,20667,1692476368
252490,130777928,russian,1673636330,1718057234,0,0,0,0.0,1,1,0,0,1,,76561199319202592,0,1,31355,4639,29475,1718056561
252490,167116296,italian,1718057219,1718057219,1,0,0,0.0,0,1,0,0,1,,76561199501458288,3,1,6813,2946,6462,1718120465
252490,167116195,english,1718057084,1718057084,0,0,0,0.0,0,1,0,0,1,,76561199180784880,75,2,34726,565,34726,1718056801
252490,167116187,english,1718057075,1718057075,1,0,0,0.0,0,1,0,0,1,,76561199589202496,0,1,1383,1383,1147,1718093865
252490,167116143,english,1718057011,1718057011,1,0,0,0.0,0,1,0,0,1,,76561199406015520,0,1,106104,8617,106104,1718035725
252490,166530759,russian,1717335821,1718056929,0,0,0,0.0,0,0,0,0,1,,76561198188881488,218,13,12001,2897,11560,1718121081
252490,85084561,english,1611229957,1718056782,1,0,0,0.0,0,1,0,0,0,,76561198193038000,100,6,83992,2302,83830,1718121960
252490,167115828,russian,1718056622,1718056622,0,0,0,0.0,0,1,0,0,1,,76561199029706480,16,2,8091,2915,8050,1718121917
252490,167115654,english,1718056424,1718056424,1,0,0,0.0,0,1,0,0,1,,76561199216867312,0,1,103673,3700,103341,1718082638
252490,167115460,english,1718056179,1718056179,1,0,0,0.0,0,1,0,0,1,,76561197989955232,8,2,32024,11919,31339,1718121091
252490,167115352,latam,1718056047,1718056047,1,0,0,0.0,0,1,0,0,1,,76561198953720384,11,1,10325,72,10325,1716942686
252490,167115149,russian,1718055818,1718055818,1,0,0,0.0,0,1,0,0,1,,76561199494486976,0,1,64003,3236,63748,1718104537
252490,167115131,russian,1718055801,1718055801,1,0,0,0.0,0,0,0,0,1,,76561198132224176,0,30,204,204,204,1718055520
252490,167114812,russian,1718055411,1718055411,0,0,0,0.0,0,1,0,0,1,,76561199684723552,0,1,114,114,114,1717175548
252490,167114685,russian,1718055283,1718055353,1,0,0,0.0,0,1,0,0,1,,76561199479255296,0,9,2058,1300,2057,1718108091
252490,167114696,english,1718055298,1718055298,1,0,0,0.0,0,1,0,0,1,,76561199692633888,0,1,748,748,123,1718121870
252490,167114674,english,1718055269,1718055269,1,1,0,0.5238095521926879,0,1,0,0,1,,76561199576815104,2,1,19463,3822,19432,1718060245
252490,167114407,russian,1718054910,1718054910,1,0,0,0.0,0,1,0,0,1,,76561199446889824,25,5,2072,45,2072,1717752970
252490,167114304,french,1718054764,1718054764,1,0,0,0.0,0,1,0,0,1,,76561199163407648,21,1,13487,2017,13211,1718121792
252490,106256562,english,1640123960,1718054575,1,0,0,0.0,0,1,0,0,1,,76561199047790208,5,2,25861,311,25788,1718058826
252490,126176645,english,1669176534,1718054500,1,0,0,0.0,0,1,0,0,1,,76561198996162736,0,3,55144,1286,55144,1718052358
252490,167114001,english,1718054388,1718054388,0,0,0,0.0,0,0,0,0,1,,76561198150888560,56,2,90121,286,90121,1718053054
252490,167113997,english,1718054383,1718054383,1,0,0,0.0,0,1,0,0,1,,76561199576643200,12,1,44365,8857,43814,1718113438
252490,167113996,english,1718054382,1718054382,0,0,0,0.0,0,1,0,0,1,,76561199091242496,0,5,839,194,761,1718059463
252490,167113969,russian,1718054342,1718054342,0,0,0,0.0,0,1,0,0,1,,76561199227366864,17,2,60591,5837,60107,1718121424
252490,167113825,english,1718054161,1718054161,1,0,0,0.0,0,1,0,0,1,,76561199239213712,0,9,560,560,399,1718120792
252490,89964119,portuguese,1617910633,1718054150,1,0,0,0.0,0,1,0,0,0,,76561198271084144,31,5,80366,1360,80294,1718063313
252490,167113796,english,1718054137,1718054137,1,0,0,0.0,0,1,0,0,1,,76561198394724736,4,1,204712,1618,204618,1718060061
252490,167113722,russian,1718054061,1718054061,1,0,0,0.0,0,1,0,0,1,,76561198965678720,17,7,2499,2499,2269,1718110513
252490,166417885,russian,1717187167,1718053941,1,0,0,0.0,0,1,0,0,1,,76561199185744368,35,10,3300,3307,2469,1718120826
252490,167113572,english,1718053887,1718053887,1,0,0,0.0,0,1,0,0,1,,76561199527393136,0,2,217,217,184,1718067155
252490,167113474,russian,1718053782,1718053782,1,0,0,0.0,0,1,0,0,1,,76561199088141760,60,2,7625,4177,7183,1718121605
252490,167113454,russian,1718053759,1718053759,1,0,0,0.0,0,1,0,0,1,,76561199166252672,23,2,16583,411,16471,1718095152
252490,167113310,english,1718053581,1718053581,1,0,0,0.0,0,1,0,0,1,,76561198276410240,0,1,2083,2083,1922,1718110816
252490,167113207,russian,1718053467,1718053467,1,0,0,0.0,0,1,0,0,1,,76561199133532208,78,11,33096,628,32958,1718100792
252490,167112923,english,1718053070,1718053070,0,0,0,0.0,0,1,0,0,1,,76561198406323568,0,3,60149,307,60007,1718061664
252490,167112754,russian,1718052877,1718052877,1,0,0,0.0,0,1,0,0,1,,76561199216599760,0,1,949,949,949,1718052680
252490,159093943,polish,1708725371,1718052761,1,0,0,0.0,0,1,0,0,1,,76561199154606720,19,1,34553,6871,34419,1718117965
252490,151715370,russian,1700873519,1718052742,0,0,0,0.0,0,1,0,0,1,,76561199523568624,7,2,9932,548,9932,1717320480
252490,167112591,english,1718052677,1718052677,1,0,0,0.0,0,1,0,0,1,,76561199236085680,0,3,2324,2324,2162,1718093728
252490,167112551,latam,1718052619,1718052619,1,0,0,0.0,0,1,0,0,1,,76561198257184544,0,2,95,95,59,1718068770
252490,167112528,spanish,1718052591,1718052591,1,0,0,0.0,0,1,0,0,1,,76561198329244928,0,3,3863,0,3863,1673569286
252490,167112449,english,1718052500,1718052500,0,0,0,0.0,0,0,0,0,1,,76561199389991744,9,4,6173,3982,5872,1718108434
252490,158163281,russian,1707750531,1718052295,1,1,0,0.5238095521926879,0,1,0,0,1,,76561199220242768,16,6,61826,4384,61546,1718109355
252490,167112175,brazilian,1718052188,1718052188,1,0,0,0.0,0,1,0,0,1,,76561199443949872,0,2,134,0,134,1702948822
252490,167112077,russian,1718052080,1718052080,1,0,0,0.0,0,1,0,0,1,,76561199203159584,0,6,4120,4120,4113,1718119582
252490,167111948,english,1718051925,1718051925,0,0,0,0.0,0,1,0,0,1,,76561199124579056,0,4,50432,301,50141,1718121897
252490,167111832,russian,1718051795,1718051795,1,0,0,0.0,0,1,0,0,1,,76561199491433760,7,1,5705,4322,5667,1718119862
252490,167111781,russian,1718051748,1718051748,1,0,0,0.0,0,1,1,0,1,,76561199593369472,2,2,15649,147,15501,1718113026
252490,167111756,russian,1718051726,1718051726,1,0,0,0.0,0,0,0,0,1,,76561199012687872,9,1,59666,4419,59045,1718120520
252490,167111701,english,1718051659,1718051659,1,0,0,0.0,0,1,0,0,1,,76561199387556656,2,1,26007,1733,25889,1718070273
252490,167111669,english,1718051631,1718051631,1,0,0,0.0,0,1,0,0,1,,76561198987085600,0,2,37612,1161,37515,1718121635
252490,167111526,english,1718051474,1718051474,0,0,0,0.0,0,1,1,0,1,,76561199631014720,0,3,2156,2156,1742,1718089726
252490,167111518,italian,1718051466,1718051466,1,0,0,0.0,0,1,1,0,1,,76561199221976528,0,1,336,336,316,1718052648
252490,167111493,russian,1718051445,1718051445,1,0,0,0.0,0,0,0,0,1,,76561199552551808,0,1,37388,8645,37049,1718120503
252490,167111435,english,1718051371,1718051371,1,0,0,0.0,0,1,0,0,1,,76561199523310880,0,1,1173,0,1173,1714258934
252490,167111389,russian,1718051322,1718051322,1,1,0,0.5238095521926879,0,1,0,0,1,,76561199508566688,0,1,39987,2211,39987,1718015458
252490,167111371,english,1718051300,1718051300,1,0,0,0.0,0,0,0,0,1,,76561198211084064,44,1,78459,66,78445,1718120491
252490,167111269,russian,1718051185,1718051185,1,0,0,0.0,0,1,0,0,1,,76561199170267424,0,1,1089,1089,1048,1718120468
252490,157385836,russian,1706852176,1718050991,1,0,0,0.0,0,1,1,0,1,,76561199076927648,44,5,10564,1125,10564,1717612311
252490,167111030,russian,1718050939,1718050939,1,1,0,0.5238095521926879,0,0,0,0,1,,76561198866092448,0,1,335670,5353,335668,1718087751
252490,167111012,russian,1718050913,1718050913,1,0,0,0.0,0,1,0,0,1,,76561199225401536,0,1,2509,2202,2255,1718067328
252490,167110920,russian,1718050820,1718050820,1,1,0,0.5238095521926879,0,1,0,0,1,,76561199198621616,7,1,89166,8865,88964,1718064183
252490,167110804,russian,1718050698,1718050698,1,0,0,0.0,0,1,0,0,1,,76561199635889904,0,1,60489,9102,60015,1718120281
252490,167110723,english,1718050605,1718050605,0,0,0,0.4761904776096343,0,1,0,0,1,,76561199390106592,17,1,90998,2130,90830,1718060761
252490,167110618,russian,1718050491,1718050491,1,0,0,0.0,0,0,0,0,1,,76561198052238416,0,1,2235,2235,2113,1718057794
252490,167110329,english,1718050176,1718050176,1,1,0,0.5238095521926879,0,1,0,0,1,,76561199361751408,0,3,5816,1384,5772,1718052890
252490,167110220,english,1718050085,1718050085,1,1,0,0.5238095521926879,0,1,0,0,1,,76561199698605856,0,1,1362,1362,1107,1718115145
252490,167110103,spanish,1718049951,1718049951,1,0,0,0.0,0,1,0,0,1,,76561199007085504,48,2,37678,1717,37513,1718058147
252490,167110063,russian,1718049892,1718049892,1,0,0,0.0,0,1,0,0,1,,76561199697077648,0,1,4628,4628,4498,1718056377
252490,64052911,english,1582557442,1718049871,1,2,0,0.5454545617103576,0,1,0,0,0,,76561198046101888,150,17,110885,0,110885,1711748362
252490,93336694,english,1623041786,1718049857,1,0,0,0.0,0,0,1,0,1,,76561199059560272,16,1,67797,1304,67247,1718120518
252490,167110017,english,1718049842,1718049842,1,0,0,0.0,0,1,0,0,1,,76561199700736992,0,1,326,326,326,1718049807
252490,167109840,english,1718049682,1718049682,1,0,0,0.0,0,1,0,0,1,,76561198892779904,0,2,60289,56,60233,1718053258
1085660,166712128,english,1717562166,1717562166,1,0,0,0.0,0,0,0,0,1,,76561199589426320,0,1,9329,8545,9268,1717564975
1085660,166712072,russian,1717562078,1717562277,0,0,0,0.0,0,0,0,0,1,,76561198982264832,0,1,405171,3495,405110,1717565342
1085660,166711971,brazilian,1717561932,1717561932,1,0,0,0.0,0,0,0,0,1,,76561198966052864,0,7,52362,4,52362,1717531358
1085660,57355456,koreana,1573990765,1717561924,1,0,0,0.0,0,1,0,0,1,,76561198263433264,0,4,95745,1532,95715,1717564440
1085660,166711903,english,1717561833,1717561833,0,0,0,0.0,0,0,0,0,1,,76561199097729024,33,2,113918,1470,113888,1717564886
1085660,75292598,english,1598993556,1717561812,1,0,0,0.0,0,1,0,0,0,,76561198330491280,0,3,32462,1666,32462,1717561132
1085660,59155505,english,1575393539,1717561809,0,0,1,0.4672604799270629,0,0,0,0,0,,76561198047254448,0,1,1690743,8015,1690683,1717563922
1085660,166711873,schinese,1717561786,1717561786,0,0,0,0.0,0,0,0,0,1,,76561198341034496,27,2,42151,5655,42117,1717563846
1085660,94635894,english,1624948548,1717561765,1,0,0,0.0,0,0,0,0,0,,76561198974280608,105,35,86594,278,86580,1717562271
1085660,163591744,english,1714091728,1717561739,0,0,0,0.4761904776096343,0,0,0,0,1,,76561198990010784,0,29,33304,9706,33244,1717564693
1085660,166711829,english,1717561723,1717561723,1,0,0,0.0,0,0,0,0,1,,76561198044008752,0,27,9348,3626,9287,1717565127
1085660,166711827,english,1717561721,1717561721,1,0,0,0.0,0,1,0,0,1,,76561198071484576,0,12,2410,290,2410,1717561573
1085660,166711805,english,1717561683,1717561683,0,0,0,0.0,0,0,0,0,1,,76561197990847776,66,4,41458,577,41410,1717564479
1085660,147906137,schinese,1696822300,1717561672,0,0,0,0.0,0,0,0,0,1,,76561198410750144,118,6,96270,252,96210,1717565325
1085660,166711722,schinese,1717561566,1717561566,1,0,0,0.0,0,1,0,0,1,,76561198144310928,171,3,285607,3475,285516,1717565427
1085660,166711666,schinese,1717561502,1717561502,0,0,0,0.0,0,0,0,0,1,,76561198401194096,153,2,7128,4023,7068,1717563959
1085660,166676408,spanish,1717521304,1717561496,0,0,0,0.0,0,0,0,0,1,,76561198395826000,43,5,34214,2472,34214,1717561439
1085660,166711649,english,1717561481,1717561481,1,0,0,0.0,0,0,0,0,1,,76561198834672912,144,8,127276,2565,127260,1717561534
1085660,56779437,english,1573240024,1717561478,0,0,1,0.4881050288677215,0,0,0,0,0,,76561198028549136,0,22,261431,6352,261370,1717564554
1085660,166711644,english,1717561472,1717561472,0,1,0,0.5009074211120605,0,0,0,0,1,,76561198106506848,0,1,2466,582,2406,1717564252
1085660,166711620,english,1717561427,1717561427,0,1,0,0.5009074211120605,0,0,0,0,1,,76561198051405088,183,1,13934,288,13897,1717563625
1085660,166711613,english,1717561420,1717561420,1,0,0,0.0,0,0,0,0,1,,76561199122506768,35,2,75482,3030,75422,1717565034
1085660,166711610,english,1717561412,1717561412,0,1,0,0.5009074211120605,0,0,0,0,1,,76561197998305184,1230,61,6952,0,6952,1585346995
1085660,166711598,russian,1717561389,1717561389,0,0,0,0.0,0,0,0,0,1,,76561199014731424,35,1,61631,7079,61631,1717557171
1085660,166711595,schinese,1717561384,1717561384,1,0,0,0.0,0,0,0,0,1,,76561198440927552,29,1,95874,803,95810,1717565152
1085660,140676161,thai,1687702925,1717561356,0,0,1,0.0,0,0,0,0,1,,76561198102242480,26,14,1195,0,1195,1654132937
1085660,111896405,english,1646883087,1717561304,1,0,0,0.0,0,0,0,0,0,,76561198275343584,109,23,60057,759,59966,1717564948
1085660,166711539,english,1717561303,1717561303,0,1,0,0.5009074211120605,0,1,0,0,1,,76561197980369904,0,1,233696,4010,233696,1717561235
1085660,56144286,english,1572614706,1717561263,0,0,0,0.0,0,0,0,0,0,,76561198059807136,0,5,15612,10,6192,1717523777
1085660,58699435,english,1575102803,1717561230,0,0,0,0.5238095521926879,0,0,0,0,0,,76561198122690416,362,9,137289,212,137229,1717564142
1085660,152525582,english,1701276098,1717561221,1,0,0,0.5187165737152098,0,0,0,0,1,,76561198118603552,0,4,16555,778,16555,1717561195
1085660,166711472,english,1717561209,1717561209,0,1,0,0.5009074211120605,0,0,0,0,1,,76561198042331504,0,3,48846,56,48846,1717561055
1085660,63966746,tchinese,1582426936,1717561190,0,0,0,0.0,0,0,0,0,0,,76561198313259440,104,8,110228,62,110168,1717564750
1085660,166711434,english,1717561153,1717561153,1,0,1,0.0,0,0,0,0,1,,76561199094343152,60,4,44986,2609,44986,1717561061
1085660,166711424,english,1717561137,1717561137,0,1,0,0.5009074211120605,0,0,0,0,1,,76561198057185952,58,1,4456,461,4456,1717561065
1085660,166711331,schinese,1717560982,1717560982,0,0,0,0.0,0,1,0,0,1,,76561198841674416,0,1,147774,2296,147774,1717560171
1085660,124406048,english,1666769933,1717560952,1,0,0,0.4768339693546295,0,0,0,0,1,,76561198931710832,33,11,173056,3374,172995,1717564407
1085660,166711282,english,1717560899,1717560899,1,0,0,0.0,0,0,0,0,1,,76561198409141680,0,1,942,661,942,1717560370
1085660,90362551,latam,1618508418,1717560877,1,0,0,0.0,0,0,0,0,1,,76561199012365472,0,9,117533,2730,117533,1717558654
1085660,166711212,latam,1717560798,1717560798,1,0,0,0.0,0,0,0,0,1,,76561198117085296,0,1,27162,0,27162,1690831682
1085660,166711208,schinese,1717560790,1717560790,1,0,0,0.0,0,0,0,0,1,,76561198435890288,78,7,20025,1352,19958,1717564835
1085660,166711179,english,1717560743,1717560743,0,1,0,0.5009074211120605,0,0,0,0,1,,76561198012752240,0,29,7608,0,7608,1635220899
1085660,146688566,schinese,1695271834,1717560739,0,0,0,0.0,0,0,0,0,1,,76561199205349136,87,15,119950,534,119890,1717563911
1085660,166711148,english,1717560701,1717560701,0,1,0,0.5009074211120605,0,0,0,0,1,,76561197971768944,0,4,58061,2053,58061,1717560319
1085660,110616705,english,1645346137,1717560642,0,0,0,0.0,0,0,0,0,0,,76561198027977296,0,32,33198,1099,33198,1717560539
1085660,166711009,english,1717560478,1717560478,1,0,0,0.0,0,0,0,0,1,,76561199510659152,112,1,4982,996,4921,1717563901
1085660,166710995,english,1717560446,1717560446,1,0,0,0.0,0,0,0,0,1,,76561198277185296,344,20,115468,517,115408,1717564347
1085660,166710990,english,1717560438,1717560438,1,0,0,0.0,0,0,0,0,1,,76561198994738848,0,5,21879,219,21879,1716492950
1085660,78704482,english,1604490917,1717560431,0,0,0,0.0,0,0,0,0,1,,76561198085353472,0,53,16214,3458,16205,1717560760
1085660,56411912,english,1572797644,1717560423,0,0,0,0.5238095521926879,0,0,0,0,0,,76561198124865920,109,28,713724,5450,713633,1717565266
1085660,166710969,english,1717560411,1717560411,1,0,0,0.0,0,0,0,0,1,,76561198255292528,0,3,1515,122,1448,1717564455
1085660,166710968,schinese,1717560409,1717560409,0,0,0,0.0,0,0,0,0,1,,76561198263071152,38,1,217,217,217,1717560384
1085660,166710940,english,1717560380,1717560380,1,0,0,0.0,0,0,0,0,1,,76561198860732544,0,2,49954,2471,49954,1717560302
1085660,155200126,english,1704341678,1717560329,1,0,0,0.0,0,0,0,0,1,,76561198974452096,0,3,36512,1417,36485,1717560453
1085660,166710860,english,1717560261,1717560261,1,0,0,0.0,0,0,0,0,1,,76561197986570320,0,1,5434,21,5413,1717561471
1085660,166710840,schinese,1717560232,1717560232,1,0,0,0.0,0,0,0,0,1,,76561199170568688,26,1,83600,2254,83600,1717389536
1085660,166710656,english,1717559939,1717559939,0,6,1,0.533992350101471,0,1,0,0,1,,76561198081157312,0,5,27164,0,27164,1691722791
1085660,166710605,english,1717559857,1717559857,0,5,0,0.5497075915336608,0,0,0,0,1,,76561198852187712,92,4,94779,2069,94754,1717561419
1085660,105253293,english,1638663787,1717559577,0,0,0,0.0,0,0,0,0,0,,76561197962322880,0,10,31080,207,31080,1717559448
1085660,166710432,english,1717559571,1717559571,0,4,1,0.5346869826316833,0,0,0,0,1,,76561198030800576,97,5,5036,78,4975,1717564957
1085660,166710403,english,1717559515,1717559515,0,3,0,0.5051413774490356,0,0,0,0,1,,76561198290180720,0,1,24545,1789,24545,1717559322
1085660,60967756,english,1577771919,1717559515,0,0,0,0.0,0,1,0,0,1,,76561197999453168,392,19,29504,741,29504,1717552537
1085660,166630806,english,1717461482,1717559466,0,0,0,0.0,0,0,0,0,1,,76561197983987552,0,4,71995,366,71995,1717556743
1085660,146828192,english,1695438890,1717559275,0,0,0,0.0,0,0,0,0,1,,76561197976107280,0,4,259320,1659,259280,1717562067
1085660,81633581,schinese,1607140847,1717559256,0,0,0,0.5198412537574768,0,0,0,0,0,,76561198258022656,301,3,161850,4,161850,1716871816
1085660,166710207,spanish,1717559176,1717559176,1,0,0,0.0,0,1,0,0,1,,76561199033544816,0,1,69193,302,69102,1717564389
1085660,166710169,english,1717559121,1717559121,0,3,0,0.5051413774490356,0,0,0,0,1,,76561198081168544,175,22,39,0,39,1602094535
1085660,166710153,english,1717559091,1717559091,1,0,1,0.499092549085617,0,0,0,0,1,,76561199148986640,6,1,67399,961,67308,1717564455
1085660,58225096,english,1574871412,1717559089,1,0,0,0.0,0,0,0,0,0,,76561198170385472,74,16,44327,420,44284,1717561823
1085660,166710026,english,1717558905,1717558905,1,0,0,0.499092549085617,0,0,0,0,1,,76561199004052912,0,1,2033,782,2024,1717564870
1085660,166709904,english,1717558730,1717558730,0,5,0,0.529818832874298,0,1,0,0,1,,76561198110279840,2893,16,27937,0,27937,1663435464
1085660,166709881,english,1717558693,1717558693,1,0,0,0.499092549085617,0,0,0,0,1,,76561198366809088,0,1,42608,1259,42559,1717561588
1085660,55488185,finnish,1570406072,1717558645,0,0,0,0.5139116048812866,0,0,0,0,0,,76561198021317840,0,22,9446,2859,9361,1717565296
1085660,79448096,koreana,1605682304,1717558630,0,0,2,0.0,0,0,0,0,0,,76561198136874048,0,5,163582,72,163582,1717558005
1085660,166709763,schinese,1717558505,1717558505,0,0,0,0.0,0,0,1,0,1,,76561198344765440,55,18,32327,5408,32327,1717558309
1085660,166709749,english,1717558480,1717558480,0,4,0,0.5160276293754577,0,0,0,0,1,,76561198110355760,0,1,73973,212,73973,1717558293
1085660,166709698,english,1717558402,1717558402,1,0,0,0.0,0,0,0,0,1,,76561198091349872,172,9,3076,479,3048,1717559806
1085660,166709669,english,1717558355,1717558388,0,0,0,0.0,0,0,0,0,1,,76561198066625072,0,1,26469,0,26469,1667439889
1085660,166709608,english,1717558255,1717558255,0,0,0,0.0,0,0,0,0,1,,76561198847127344,74,10,131,0,131,1606935211
1085660,166709528,english,1717558142,1717558142,1,0,0,0.0,0,0,0,0,1,,76561198208786432,151,13,9452,3018,9452,1717410825
1085660,122177622,english,1663062789,1717558131,0,0,0,0.5238095521926879,0,0,0,0,1,,76561198274227968,160,15,14256,61,14256,1717556516
1085660,140138660,schinese,1686887827,1717558009,0,1,0,0.0,0,0,0,0,1,,76561199444032864,2,4,170850,3047,170729,1717564421
1085660,109232922,schinese,1643702075,1717557968,0,2,0,0.5454545617103576,0,0,0,0,0,,76561198314584032,97,3,181359,1908,181329,1717563710
1085660,166709360,spanish,1717557880,1717557880,1,0,0,0.0,0,0,0,0,1,,76561198156697584,0,3,41077,1421,40956,1717565070
1085660,166709293,english,1717557769,1717557769,0,0,0,0.0,0,0,0,0,1,,76561198151615360,0,1,44789,3154,44789,1717557682
1085660,74790849,english,1598200626,1717557739,0,0,0,0.0,0,0,0,0,0,,76561198352512288,1325,14,150882,1736,150882,1717555821
1085660,166709156,latam,1717557556,1717557556,0,0,0,0.0,0,0,0,0,1,,76561198805974288,0,2,5624,390,5549,1717564505
1085660,55749772,spanish,1571948440,1717557543,0,0,0,0.0,0,0,0,0,0,,76561198203199392,168,12,39080,1108,39067,1717565361
1085660,166709120,english,1717557508,1717557508,0,0,0,0.0,0,0,0,0,1,,76561198301462368,31,1,121679,5164,121559,1717564464
1085660,99533132,schinese,1631931097,1717557481,1,0,0,0.0,0,1,0,0,0,,76561198315658080,104,6,77265,205,77162,1717564652
1085660,166709027,brazilian,1717557378,1717557378,1,0,0,0.0,0,0,0,0,1,,76561198345636224,0,15,1947,1905,1855,1717563972
1085660,166709022,english,1717557376,1717557376,0,0,0,0.0,0,0,0,0,1,,76561199211702928,0,1,305,305,182,1717565393
1085660,155924467,english,1705187715,1717557368,0,0,0,0.0,0,1,0,0,1,,76561197970891824,0,1,70425,6353,70393,1717557526
1085660,166708994,english,1717557328,1717557328,1,0,0,0.0,0,0,0,0,1,,76561199484928032,0,1,38483,173,38405,1717562810
1085660,166708978,english,1717557311,1717557311,1,0,0,0.0,0,0,0,0,1,,76561199024328912,0,2,46000,696,45982,1717558028
1085660,166708966,english,1717557294,1717557294,1,0,0,0.0,0,0,0,0,1,,76561198853931632,119,2,12121,502,12061,1717565386
1085660,162898910,english,1713134801,1717557260,1,0,0,0.0,0,0,0,0,1,,76561198364745120,77,8,7469,37,7432,1717559117
1085660,65911004,english,1585289659,1717557250,1,0,0,0.0,0,0,0,0,0,,76561198011102608,0,3,78689,2548,78568,1717564538
1085660,166708916,english,1717557226,1717557226,1,0,0,0.0,0,0,0,0,1,,76561198861389360,0,1,17620,1308,17499,1717564421
1085660,166708904,english,1717557211,1717557211,1,0,0,0.0,0,0,0,0,1,,76561199096305312,0,1,12932,1765,12810,1717564373
1085660,166708902,schinese,1717557210,1717557210,1,0,0,0.0,0,0,0,0,1,,76561198358492464,22,2,41487,2540,41487,1717344610
1085660,166708840,english,1717557132,1717557132,0,0,0,0.0,0,0,0,0,1,,76561198109314320,35,4,7541,2094,7168,1717579549
1085660,79088279,english,1605077910,1717557057,1,0,0,0.0,0,1,0,0,0,,76561198143314144,850,43,123711,2078,6896,1717612183
1085660,79432328,english,1605648320,1717556979,0,0,0,0.0,0,0,0,0,0,,76561198004382736,0,2,199871,761,199841,1717611176
1085660,166708690,english,1717556905,1717556905,1,0,0,0.0,0,0,0,0,1,,76561198259946608,0,1,2713,417,2588,1717588482
1085660,73206491,schinese,1595592100,1717556862,0,0,0,0.0,0,0,0,0,0,,76561198332706208,67,13,10158,4367,9755,1717600455
1085660,166708609,english,1717556782,1717556782,0,0,0,0.0,0,0,0,0,1,,76561198858893744,0,6,132652,512,132646,1717560084
1085660,115427084,english,1652513379,1717556736,0,0,0,0.4761904776096343,0,0,0,0,0,,76561198084712368,281,15,6780,0,6780,1678055828
1085660,166708458,english,1717556534,1717556534,1,0,0,0.0,0,0,0,0,1,,76561198035019440,0,10,4225,1724,3510,1717605242
1085660,55950986,english,1572500097,1717556363,0,0,0,0.0,0,0,0,0,0,,76561198254698512,137,9,75175,2814,74966,1717611757
1085660,166708327,spanish,1717556339,1717556339,0,0,0,0.0,0,0,0,0,1,,76561198207907328,0,1,48481,2216,48148,1717611364
1085660,166708283,english,1717556265,1717556265,0,3,0,0.5028901696205139,0,0,0,0,1,,76561198850720672,0,4,68476,191,68429,1717603631
1085660,166708281,english,1717556261,1717556261,1,1,0,0.5167785286903381,0,0,0,0,1,,76561198300472704,0,3,82333,5882,81554,1717612833
1085660,166708275,english,1717556252,1717556252,0,5,0,0.5392134189605712,0,1,0,0,1,,76561199084549568,0,1,49770,901,49533,1717576534
1085660,55926929,english,1572482746,1717556085,0,0,0,0.0,0,0,0,0,0,,76561198141643504,139,18,25754,0,25754,1658621768
1085660,134324032,english,1678321720,1717556072,0,0,0,0.0,0,0,0,0,1,,76561198263311584,292,8,352852,0,352852,1712984506
1085660,166708131,english,1717556066,1717556066,0,2,1,0.4929577410221099,0,1,0,0,1,,76561198334041904,0,2,122309,2446,121953,1717612266
1085660,111644876,english,1646535499,1717555865,0,0,0,0.4761904776096343,0,0,0,0,0,,76561199104152960,37,1,225236,3210,224856,1717578122
1085660,166707991,english,1717555848,1717555848,1,2,0,0.5153374075889587,0,1,0,0,1,,76561198367742784,0,2,141143,1975,140690,1717612148
1085660,56062652,english,1572555175,1717555669,0,0,0,0.5238095521926879,0,1,0,0,0,,76561198122293008,0,8,109822,1036,109361,1717611476
1085660,166707844,english,1717555653,1717555653,0,2,1,0.4697986543178558,1,0,0,0,1,,76561198844845744,0,1,6441,2360,6323,1717561134
1085660,166707737,english,1717555519,1717555519,0,8,1,0.5663819313049316,0,1,0,0,1,,76561199019469968,0,1,61022,29,61022,1717456297
1085660,166707731,german,1717555508,1717555508,0,0,0,0.0,0,0,0,0,1,,76561198259099616,0,4,116388,481,116388,1717550993
1085660,57894828,english,1574793033,1717555486,0,2,1,0.4100912511348724,0,1,0,0,0,,76561198142120640,0,59,329897,2685,329556,1717611993
1085660,165775660,english,1716264648,1717555439,0,0,0,0.0,0,0,0,0,1,,76561198026453936,0,19,111154,2114,110981,1717566326
1085660,55921663,english,1572478959,1717555425,1,0,0,0.0,0,0,0,0,0,,76561198046008768,544,20,8122,0,8122,1667799931
1085660,107190153,english,1641178611,1717555412,1,1,0,0.5238095521926879,0,0,0,0,0,,76561199103298016,0,3,97590,2771,97253,1717578614
1085660,166707511,english,1717555212,1717555370,0,1,1,0.5188335180282592,0,0,0,0,1,,76561198031116464,0,2,21206,77,21206,1717554958
1085660,166707614,english,1717555340,1717555340,1,0,0,0.0,0,0,0,0,1,,76561199657397232,0,1,3844,3681,2991,1717612877
1085660,165674396,english,1716127568,1717555311,0,1,0,0.5238095521926879,0,0,0,0,1,,76561197968503888,3391,13,148105,5273,148105,1717554536
1085660,166707581,schinese,1717555289,1717555289,0,1,0,0.52173912525177,0,0,0,0,1,,76561199001861632,43,1,168700,3666,167746,1717612106
1085660,166707571,english,1717555281,1717555281,1,0,0,0.0,1,0,0,0,1,,76561199216819856,0,6,109,0,109,1677470365
1085660,55832231,english,1572177719,1717555264,0,0,0,0.0,0,0,0,0,1,,76561198202515616,62,10,357057,4818,356469,1717599703
1085660,166707552,spanish,1717555260,1717555260,0,1,0,0.4979423582553863,0,0,0,0,1,,76561198845908912,0,1,329038,4280,328669,1717578010
1085660,90168368,english,1618198172,1717555256,0,1,0,0.0,0,0,0,0,0,,76561198101635472,0,9,221376,1378,220477,1717612865
1085660,166707484,schinese,1717555185,1717555185,0,0,0,0.0,0,0,0,0,1,,76561199397315872,17,1,257676,3065,256817,1717609237
1085660,165987629,english,1716578856,1717555171,0,0,0,0.4873417913913726,0,0,0,0,1,,76561198086257200,0,14,80443,1211,80100,1717612449
1085660,166707381,english,1717555061,1717555061,0,0,0,0.0,0,0,0,0,1,,76561198138006912,493,18,7880,0,7880,1683253249
1085660,166707365,english,1717555028,1717555028,0,0,0,0.0,0,0,0,0,1,,76561199443134176,0,1,127791,4124,127791,1717554949
1085660,166707361,english,1717555017,1717555017,0,0,0,0.0,0,1,0,0,1,,76561197971826832,0,14,1726,0,1726,1694996031
1085660,130125092,english,1672854399,1717554966,0,0,0,0.0,0,0,0,0,1,,76561198798647040,146,19,16315,755,16315,1717554939
1085660,61035328,schinese,1577854724,1717554942,0,0,0,0.0,0,1,0,0,1,,76561198245285680,87,4,252301,956,252058,1717611957
1085660,55639796,schinese,1571310571,1717554931,0,0,0,0.4761904776096343,0,0,0,0,0,,76561198131527280,225,33,273979,2142,273170,1717602812
1085660,140438381,schinese,1687350287,1717554917,0,2,0,0.5238095521926879,0,0,1,0,1,,76561199274565824,7,1,178304,3253,178256,1717604053
1085660,166707268,english,1717554888,1717554888,1,0,0,0.0,0,0,0,0,1,,76561198045955680,0,3,154655,692,154291,1717612110
1085660,56971121,english,1573452777,1717554848,0,0,0,0.5185185670852661,0,1,0,0,0,,76561198090997200,266,11,138556,6172,138271,1717571845
1085660,166707217,english,1717554817,1717554817,0,0,0,0.0,0,0,0,0,1,,76561198112597680,356,12,99893,3447,99342,1717610830
1085660,166707191,english,1717554787,1717554787,1,0,0,0.0,0,0,0,0,1,,76561199184073328,0,2,12513,1288,12512,1717554894
1085660,166707180,english,1717554771,1717554771,0,0,0,0.0,0,0,0,0,1,,76561198897282736,46,3,135972,785,135868,1717593938
1085660,55409731,russian,1570034515,1717554728,0,0,0,0.5345104336738586,0,0,0,0,0,,76561198071073040,1290,61,192536,1544,192401,1717605876
1085660,166707127,spanish,1717554712,1717554712,0,0,0,0.0,0,0,0,0,1,,76561198968193360,17,1,26058,135,25984,1717563410
1085660,166707122,schinese,1717554709,1717554709,0,0,0,0.0,0,1,0,0,1,,76561198327332528,114,2,101835,6172,101333,1717609666
1085660,166707109,english,1717554694,1717554694,0,0,0,0.0,0,0,0,0,1,,76561198269317200,66,2,28812,333,28581,1717575859
1085660,166707088,schinese,1717554663,1717554663,0,0,0,0.0,0,0,0,0,1,,76561198099657632,0,7,129941,11742,129094,1717604263
1085660,56911748,schinese,1573381500,1717554660,0,1,0,0.5161290764808654,1,1,0,0,0,,76561198976988752,157,28,121196,1581,120859,1717599560
1085660,160082061,english,1709874947,1717554626,0,0,0,0.0,0,0,0,0,1,,76561199031916336,67,17,130894,3146,130704,1717581854
1085660,135525471,english,1679891552,1717554622,0,0,0,0.0,0,0,0,0,1,,76561198395558400,0,5,97902,4767,97806,1717560241
1085660,166707046,spanish,1717554601,1717554601,0,0,0,0.4741379022598266,0,0,0,0,1,,76561198443556576,0,4,29561,3709,29518,1717558637
1085660,156076873,schinese,1705377288,1717554594,0,0,0,0.0,0,0,0,0,1,,76561199141143376,229,53,33596,4570,33090,1717597678
1085660,166707025,english,1717554577,1717554577,0,0,0,0.0,0,0,0,0,1,,76561198278064768,90,11,1934,502,1795,1717566543
1085660,166706969,english,1717554494,1717554494,0,0,0,0.0,0,0,0,0,1,,76561198181524368,0,16,7310,594,6867,1717580805
1085660,60139107,english,1576793665,1717554423,0,0,0,0.0,0,0,0,0,1,,76561198119005392,109,8,29311,2288,28768,1717612282
1085660,142866150,english,1690419311,1717554401,0,0,0,0.0,0,0,0,0,1,,76561199061432720,50,9,50585,7,50585,1717554215
1085660,166706877,english,1717554393,1717554393,1,0,0,0.0,0,0,0,0,1,,76561199246049312,0,2,16098,1949,15849,1717604718
1085660,56287080,english,1572706271,1717554298,0,0,0,0.0,0,0,1,0,0,,76561198105079840,784,45,118662,1754,118413,1717612207
1085660,55536800,schinese,1570709771,1717554286,0,0,0,0.4741379022598266,0,1,0,0,0,,76561198151922448,0,26,208622,1349,208348,1717603879
1085660,166706784,english,1717554274,1717554274,0,1,0,0.5045045018196105,0,0,0,0,1,,76561197992041872,0,6,133985,812,133532,1717611307
1085660,166706728,english,1717554209,1717554209,0,1,0,0.5045045018196105,0,0,0,0,1,,76561198028510480,0,2,231012,1852,230497,1717610378
1085660,166706717,english,1717554192,1717554192,1,0,0,0.0,1,0,0,0,1,,76561198383325696,0,3,65038,2563,64429,1717600947
1085660,166706706,english,1717554181,1717554181,0,1,0,0.5045045018196105,0,0,0,0,1,,76561198024979824,0,1,28139,1639,28139,1717554138
1085660,79778564,english,1606262565,1717554140,0,0,0,0.0,0,0,0,0,0,,76561198083083280,0,17,3543,0,3543,1631068549
1085660,166706595,english,1717554038,1717554038,1,0,1,0.4761904776096343,0,0,0,0,1,,76561198144098832,155,15,141747,1770,141323,1717611586
1085660,166706593,english,1717554037,1717554037,0,0,0,0.0,0,0,0,0,1,,76561199105787936,0,1,124768,4008,124651,1717612159
1085660,166706586,english,1717554028,1717554028,1,0,0,0.0,0,1,0,0,1,,76561198165508576,0,42,17122,1006,17010,1717561388
1085660,166706553,english,1717553996,1717553996,0,0,0,0.0,0,0,0,0,1,,76561198126042864,58,1,883,0,883,1591120052
1085660,166706514,english,1717553953,1717553953,0,1,0,0.5068259239196777,0,0,0,0,1,,76561198153158976,228,10,21063,431,21020,1717589970
1085660,166706503,english,1717553935,1717553935,0,0,0,0.0,0,1,0,0,1,,76561198418148736,0,1,135785,2830,135661,1717559712
1085660,166706493,schinese,1717553923,1717553923,0,0,1,0.0,0,1,0,0,1,,76561198335188480,29,2,117050,1605,116540,1717611032
1085660,166706426,schinese,1717553832,1717553832,1,0,0,0.0,0,0,0,0,1,,76561198285945712,28,1,52776,840,52005,1717610828
1085660,166706374,english,1717553774,1717553774,0,0,0,0.0,0,1,0,0,1,,76561198084339648,100,3,49604,230,49374,1717612718
1085660,118881921,english,1657937787,1717553724,0,1,0,0.0,0,0,0,0,0,,76561198013823984,0,16,33159,458,32700,1717604274
1085660,166706307,english,1717553688,1717553688,1,0,0,0.0,0,0,0,0,1,,76561198147155408,66,2,14372,458,14100,1717570196
1085660,55650197,english,1571375445,1717553666,0,0,0,0.0,0,0,0,0,0,,76561198274255888,0,7,14163,3297,13907,1717567638
1085660,166706288,english,1717553657,1717553657,0,0,0,0.0,0,0,0,0,1,,76561198436239904,0,2,13725,110,13720,1717553888
1085660,166706275,russian,1717553642,1717553642,0,0,0,0.0,0,0,0,0,1,,76561198076164832,0,1,181358,1422,180935,1717585336
1085660,166706245,english,1717553607,1717553607,0,0,0,0.0,0,0,0,0,1,,76561199526984272,0,2,2501,227,2501,1717553511
1085660,166706224,english,1717553590,1717553590,0,0,0,0.4761904776096343,0,0,0,0,1,,76561198080733536,175,19,95425,3827,95082,1717611906
1085660,166706200,schinese,1717553559,1717553559,1,0,0,0.0,0,0,0,0,1,,76561198862815760,190,10,45624,440,45230,1717598070
1085660,166706170,schinese,1717553523,1717553523,0,0,0,0.0,0,1,0,0,1,,76561198977394224,27,1,64958,5784,64497,1717603720
1085660,166706164,english,1717553517,1717553517,0,1,0,0.5045045018196105,0,0,0,0,1,,76561198253377488,13,1,15226,2513,15125,1717564682
1085660,152968130,schinese,1701839782,1717553501,0,0,0,0.0,0,1,0,0,1,,76561198103712848,0,2,147301,926,147235,1717561731
1085660,166706133,english,1717553474,1717553474,1,0,0,0.0,0,0,0,0,1,,76561198011239904,0,15,6940,28,6912,1717555210
1085660,166706124,thai,1717553459,1717553459,0,0,0,0.0,0,0,0,0,1,,76561198328615200,0,3,20879,5292,19967,1717608114
1085660,166706120,english,1717553456,1717553456,0,0,0,0.0,0,0,0,0,1,,76561198308788096,0,1,1127,1085,821,1717612716
1085660,137975019,english,1683502911,1717553364,0,0,0,0.0,0,1,0,0,1,,76561197971288640,0,6,59301,1192,59301,1717536780
1085660,57909181,brazilian,1574794636,1717553355,0,0,0,0.5238095521926879,4,0,0,0,1,,76561198013125936,0,12,148761,1870,148549,1717611458
1085660,72327699,english,1594249039,1717553347,0,3,0,0.5482779741287231,0,0,0,0,0,,76561197985586080,454,30,71525,0,71525,1713040694
1085660,166705968,schinese,1717553279,1717553288,0,0,0,0.0,0,0,0,0,1,,76561198300087952,202,29,14383,1156,13866,1717602895
1085660,64457633,english,1583247392,1717553286,0,0,0,0.46875,0,1,0,0,0,,76561198153284080,0,58,89855,941,89556,1717576639
1085660,166705957,english,1717553269,1717553269,0,3,0,0.5103734731674194,0,1,0,0,1,,76561198968451120,16,2,111321,0,111321,1670196864
